날짜,평균기온,강수량,최고기온,최저기온
20210101,-4.2,0.0,1.6,-9.8
20210102,-5.0,0.0,-1.4,-8.4
20210103,-5.6,0.0,-2.0,-9.1
20210104,-3.5,0.0,0.3,-8.4
20210105,-5.5,0.0,-2.1,-9.9
20210106,-7.4,2.3,-1.9,-12.0
20210107,-14.5,0.0,-8.4,-16.5
20210108,-14.9,0.0,-10.7,-18.6
20210109,-12.2,0.0,-7.5,-16.6
20210110,-7.7,0.0,-2.7,-12.8
20210111,-6.7,0.0,-4.0,-9.6
20210112,-3.9,2.6,-0.5,-9.3
20210113,2.0,0.0,8.3,-3.0
20210114,1.7,0.0,7.0,-3.6
20210115,4.5,0.2,9.9,-0.7
20210116,-4.9,0.0,-0.7,-8.7
20210117,-5.5,0.0,-1.3,-10.8
20210118,-3.8,0.3,0.2,-9.1
20210119,-6.3,0.0,-0.2,-11.6
20210120,-0.1,0.0,7.1,-6.6
20210121,4.5,9.2,7.0,2.5
20210122,5.5,0.1,6.6,4.8
20210123,7.6,0.0,12.2,4.8
20210124,7.3,0.0,13.9,2.4
20210125,7.9,0.0,13.9,3.0
20210126,5.3,1.7,7.4,1.7
20210127,1.7,0.0,6.5,-1.8
20210128,-2.6,2.0,1.4,-9.7
20210129,-8.8,0.0,-4.9,-11.6
20210130,-1.6,0.5,5.2,-8.1
20210131,3.2,0.0,8.7,-3.8
20210201,5.0,0.7,9.5,-2.3
20210202,-5.6,0.0,-2.4,-8.2
20210203,-3.2,3.4,1.4,-9.4
20210204,-3.6,0.1,0.7,-7.4
20210205,1.4,0.0,6.7,-4.4
20210206,6.8,0.0,9.5,4.3
20210207,3.6,0.0,7.7,-2.6
20210208,-3.1,0.0,0.2,-5.4
20210209,-0.9,0.0,4.7,-6.1
20210210,3.4,0.0,7.2,-1.5
20210211,5.5,0.0,10.9,1.3
20210212,6.5,0.0,14.0,0.6
20210213,7.6,0.0,15.9,1.0
20210214,9.5,0.0,13.8,6.4
20210215,1.2,1.4,8.2,-5.2
20210216,-5.1,1.5,-1.3,-7.0
20210217,-8.3,0.0,-5.2,-10.4
20210218,-5.8,0.0,-0.4,-10.6
20210219,1.6,0.0,8.9,-7.1
20210220,8.8,0.0,14.9,5.5
20210221,10.8,0.0,17.4,4.7
20210222,7.8,0.0,12.6,0.4
20210223,0.0,0.0,4.3,-3.1
20210224,2.9,0.0,10.1,-3.0
20210225,4.2,0.0,8.2,0.7
20210226,8.2,0.0,15.8,0.5
20210227,9.5,0.0,16.2,4.3
20210228,7.8,0.0,10.8,3.2
20210301,4.7,67.5,9.0,0.5
20210302,2.3,0.1,6.9,0.2
20210303,4.4,0.0,9.9,-1.2
20210304,7.2,0.0,13.0,2.5
20210305,9.0,0.0,16.2,3.0
20210306,6.6,0.0,11.6,3.2
20210307,6.2,0.0,12.2,2.1
20210308,7.0,0.0,13.9,1.5
20210309,6.6,0.0,12.2,2.1
20210310,8.8,0.0,17.1,1.7
20210311,10.2,0.0,17.1,4.7
20210312,10.5,0.0,14.9,7.2
20210313,9.2,0.0,14.2,4.6
20210314,9.1,0.0,14.7,4.9
20210315,10.6,1.7,15.7,5.1
20210316,8.4,1.3,13.1,4.9
20210317,8.8,0.0,17.5,1.8
20210318,11.7,0.0,18.4,5.0
20210319,15.3,0.0,20.2,11.4
20210320,9.9,5.1,14.7,7.4
20210321,5.8,0.3,8.6,3.1
20210322,6.2,0.0,11.1,1.1
20210323,9.1,0.0,16.4,2.5
20210324,10.8,0.0,16.9,5.7
20210325,11.9,0.0,19.0,6.8
20210326,12.6,0.0,20.6,4.8
20210327,12.1,25.5,15.0,10.2
20210328,9.0,9.2,13.0,7.7
20210329,10.2,0.2,14.6,7.3
20210330,10.8,0.0,18.2,4.1
20210331,14.5,0.0,22.9,5.9
20210401,17.7,0.0,24.0,12.0
20210402,17.8,0.0,23.0,12.5
20210403,14.9,56.2,18.0,10.9
20210404,11.9,0.6,15.8,9.0
20210405,11.9,0.0,19.3,5.4
20210406,13.9,0.0,19.2,9.4
20210407,14.1,0.0,20.4,8.1
20210408,13.0,0.0,18.0,7.2
20210409,13.6,0.0,19.6,7.6
20210410,12.6,0.0,18.8,7.7
20210411,15.0,0.0,21.8,7.5
20210412,13.8,22.0,17.8,11.9
20210413,10.4,8.0,13.5,5.7
20210414,8.4,0.0,13.3,3.1
20210415,11.6,0.0,18.3,6.3
20210416,11.3,0.7,14.8,8.1
20210417,9.6,0.0,14.6,6.0
20210418,9.9,0.0,15.3,5.6
20210419,12.2,0.0,19.4,5.8
20210420,14.8,0.0,22.0,8.1
20210421,19.1,0.0,28.2,10.3
20210422,20.9,0.0,27.5,16.1
20210423,19.0,0.0,21.7,17.0
20210424,18.3,0.0,22.2,15.3
20210425,18.2,0.0,24.0,12.6
20210426,16.2,0.0,20.6,12.3
20210427,15.4,1.7,20.0,12.5
20210428,14.5,4.7,18.2,11.2
20210429,14.6,3.9,20.1,10.9
20210430,11.3,26.3,14.6,8.6
20210501,10.2,8.0,15.3,8.5
20210502,12.4,1.7,18.7,7.3
20210503,14.1,0.0,20.3,8.4
20210504,13.8,19.6,15.8,11.4
20210505,13.9,0.1,18.4,10.3
20210506,15.7,0.0,23.1,7.9
20210507,14.4,8.8,17.2,10.7
20210508,14.3,0.0,21.0,8.9
20210509,15.7,0.0,21.8,10.0
20210510,13.2,0.0,14.6,11.7
20210511,18.5,0.0,25.7,9.4
20210512,22.0,0.0,27.7,16.9
20210513,22.9,0.0,29.6,16.6
20210514,24.1,0.0,30.8,18.0
20210515,22.1,15.0,26.2,20.8
20210516,18.4,66.9,20.8,14.8
20210517,15.3,3.1,16.7,14.2
20210518,17.9,0.0,24.5,13.6
20210519,19.9,0.0,26.6,12.4
20210520,18.7,0.9,22.9,15.6
20210521,16.0,6.9,18.2,14.2
20210522,18.6,0.2,23.8,13.8
20210523,19.5,0.0,25.1,14.3
20210524,19.4,0.0,24.5,16.4
20210525,15.3,8.3,19.3,11.9
20210526,18.0,0.0,23.0,11.5
20210527,15.8,8.9,18.7,13.9
20210528,15.3,12.3,19.7,12.4
20210529,15.4,0.3,19.1,12.8
20210530,18.4,18.1,26.3,10.8
20210531,19.9,4.0,23.8,16.5
20210601,20.2,3.2,23.9,15.9
20210602,23.2,0.0,29.7,16.6
20210603,19.1,18.1,22.7,14.6
20210604,18.5,0.0,23.6,13.3
20210605,20.8,0.0,25.7,17.0
20210606,23.0,0.0,28.2,18.4
20210607,21.1,0.0,24.0,19.4
20210608,23.6,0.1,29.5,18.8
20210609,25.8,0.0,31.6,19.5
20210610,24.9,6.1,29.8,20.5
20210611,21.5,4.6,24.4,19.9
20210612,24.2,0.0,30.2,18.2
20210613,24.8,0.0,29.7,20.9
20210614,24.8,0.0,30.2,18.9
20210615,22.5,1.9,25.3,21.5
20210616,24.3,0.0,28.9,20.3
20210617,21.9,0.0,25.0,19.6
20210618,20.0,6.3,21.4,19.0
20210619,22.3,0.0,27.4,17.5
20210620,22.9,0.0,29.0,17.6
20210621,23.6,0.0,28.5,19.2
20210622,22.8,0.0,28.6,19.7
20210623,22.4,7.5,27.9,18.8
20210624,23.0,0.0,28.0,18.5
20210625,24.1,0.0,29.5,19.5
20210626,22.8,4.5,26.7,19.9
20210627,24.5,38.2,30.8,19.8
20210628,23.7,0.1,29.2,21.0
20210629,23.9,8.0,28.4,21.3
20210630,24.3,6.0,28.8,21.0
20210701,26.3,0.0,31.0,21.4
20210702,27.1,0.0,31.8,23.6
20210703,22.6,60.0,25.7,19.6
20210704,21.4,21.4,23.1,19.8
20210705,23.3,0.0,26.9,20.1
20210706,25.3,0.0,30.1,21.0
20210707,26.4,12.7,29.1,23.9
20210708,26.0,2.9,29.8,23.8
20210709,25.5,0.0,29.2,23.6
20210710,25.9,0.5,29.2,23.1
20210711,25.7,0.4,27.5,24.1
20210712,28.1,0.0,32.5,23.8
20210713,28.8,0.0,31.5,26.3
20210714,29.7,0.0,33.5,26.1
20210715,29.1,0.0,34.5,25.9
20210716,28.8,0.0,35.2,24.2
20210717,29.1,0.0,32.8,24.7
20210718,29.6,0.0,34.1,25.7
20210719,26.4,67.4,30.5,24.0
20210720,27.9,0.0,31.8,23.6
20210721,30.5,0.0,35.3,25.3
20210722,31.2,0.0,35.9,26.5
20210723,31.2,0.0,35.8,27.2
20210724,31.7,0.0,36.5,26.9
20210725,31.5,0.0,35.9,27.2
20210726,31.2,0.0,35.4,27.4
20210727,31.1,0.0,35.7,27.8
20210728,30.4,0.0,34.7,27.1
20210729,29.6,0.0,33.3,27.0
20210730,30.5,0.0,35.4,25.8
20210731,29.8,3.0,34.3,26.8
20210801,27.1,21.0,28.8,25.1
20210802,26.5,1.7,28.6,25.0
20210803,28.0,0.0,31.4,24.1
20210804,28.9,0.0,33.2,26.3
20210805,29.4,0.0,33.7,25.6
20210806,28.1,0.0,32.2,26.0
20210807,28.0,0.0,32.3,23.4
20210808,26.8,12.7,32.1,24.4
20210809,28.3,0.0,33.6,23.3
20210810,27.7,0.0,32.2,24.3
20210811,27.4,0.0,31.6,24.1
20210812,26.8,0.0,31.7,24.0
20210813,26.6,0.0,30.1,23.4
20210814,26.1,0.0,30.5,23.4
20210815,26.9,0.0,32.4,21.7
20210816,27.3,0.0,32.8,22.5
20210817,25.9,9.3,31.3,21.9
20210818,24.3,5.6,31.0,20.6
20210819,26.0,0.0,31.5,21.0
20210820,26.6,0.0,30.7,22.6
20210821,23.8,62.8,25.5,21.0
20210822,24.4,0.0,27.0,22.4
20210823,22.4,7.4,24.0,21.0
20210824,23.4,10.5,26.4,21.1
20210825,25.0,0.3,27.3,23.5
20210826,25.5,0.7,27.9,22.9
20210827,22.4,0.9,25.5,20.4
20210828,23.6,0.0,28.2,19.7
20210829,23.7,0.9,26.3,21.9
20210830,24.2,0.0,27.7,21.2
20210831,20.5,77.4,23.1,18.1
20210901,21.4,0.8,23.9,18.5
20210902,23.5,0.0,26.7,20.7
20210903,24.3,0.0,29.2,20.6
20210904,23.2,0.0,28.6,18.5
20210905,23.1,0.0,27.3,19.4
20210906,22.3,12.0,26.4,18.0
20210907,19.6,29.6,20.9,17.6
20210908,22.2,1.6,26.9,19.0
20210909,23.5,0.0,29.1,19.1
20210910,23.6,0.0,28.9,19.5
20210911,24.0,0.0,29.4,19.9
20210912,24.2,0.0,29.8,19.2
20210913,24.8,0.0,30.3,20.8
20210914,24.6,0.0,29.5,20.0
20210915,23.6,0.0,28.9,19.5
20210916,22.9,0.0,27.3,18.0
20210917,23.5,0.0,28.2,20.5
20210918,23.9,0.0,29.8,18.9
20210919,23.7,0.0,27.8,20.8
20210920,23.7,0.0,28.4,19.0
20210921,22.0,68.1,26.2,17.4
20210922,20.2,4.5,24.3,16.8
20210923,20.9,0.0,25.9,16.9
20210924,21.8,0.0,26.9,16.7
20210925,21.2,0.0,23.1,18.7
20210926,22.6,0.0,27.3,18.4
20210927,21.6,0.0,25.0,18.7
20210928,21.5,1.3,24.4,19.6
20210929,20.2,13.1,21.4,17.8
20210930,20.3,0.0,25.9,16.0
20211001,21.1,13.3,27.5,16.9
20211002,20.7,0.0,26.6,16.4
20211003,22.3,0.0,28.8,17.1
20211004,22.9,3.6,25.6,19.2
20211005,23.6,0.0,26.5,21.7
20211006,18.8,6.4,21.7,17.9
20211007,19.4,4.6,21.9,17.9
20211008,18.8,3.5,20.0,17.5
20211009,20.9,0.4,24.1,18.5
20211010,19.9,14.2,24.3,14.9
20211011,15.2,0.3,17.8,12.6
20211012,17.9,0.0,21.3,15.8
20211013,19.6,0.0,25.2,14.9
20211014,19.7,0.0,23.9,17.4
20211015,19.0,0.0,21.4,17.0
20211016,10.7,0.0,18.1,4.2
20211017,5.6,0.0,10.8,1.3
20211018,9.6,5.6,16.1,2.8
20211019,10.9,4.4,15.0,7.1
20211020,9.5,0.0,15.8,4.6
20211021,9.8,0.0,16.2,4.9
20211022,10.8,0.0,17.2,5.2
20211023,11.4,0.0,18.4,5.7
20211024,11.4,0.0,18.1,6.0
20211025,11.7,0.0,17.6,6.3
20211026,13.0,0.0,19.0,7.7
20211027,13.4,0.0,18.1,9.8
20211028,12.7,0.0,20.0,7.1
20211029,14.6,0.0,20.6,10.5
20211030,13.8,0.0,18.0,11.0
20211031,14.1,0.7,20.3,9.2
20211101,12.9,0.0,16.9,10.3
20211102,11.5,0.0,16.9,7.9
20211103,12.1,0.0,17.1,7.6
20211104,12.1,0.0,16.3,8.4
20211105,13.0,0.0,20.2,7.8
20211106,14.1,0.0,21.3,8.8
20211107,15.3,0.0,21.3,9.7
20211108,8.6,25.7,15.5,4.5
20211109,4.9,2.0,6.5,3.0
20211110,4.2,0.3,7.7,0.7
20211111,5.3,0.0,9.7,2.1
20211112,4.5,0.0,8.6,1.3
20211113,7.3,0.0,13.4,0.5
20211114,11.3,0.0,16.4,7.8
20211115,10.1,0.0,15.7,5.8
20211116,8.5,0.0,13.6,4.4
20211117,7.5,0.0,12.5,2.7
20211118,11.9,0.0,16.2,7.7
20211119,12.9,0.0,16.7,10.2
20211120,10.4,0.0,15.6,6.8
20211121,10.4,5.9,13.1,7.6
20211122,2.7,1.3,7.5,-0.6
20211123,-0.6,0.0,2.3,-3.7
20211124,4.1,0.0,9.1,-2.6
20211125,5.7,0.0,9.9,2.6
20211126,2.9,0.0,7.2,-0.5
20211127,3.4,0.0,10.1,-1.4
20211128,5.1,0.0,12.4,-1.3
20211129,7.6,0.0,13.7,2.5
20211130,5.7,27.2,8.9,0.7
20211201,-1.3,0.0,1.5,-3.0
20211202,1.3,0.1,5.0,-4.6
20211203,1.9,0.4,4.6,-1.8
20211204,1.4,0.0,7.0,-2.7
20211205,2.9,0.0,9.6,-2.3
20211206,5.4,0.0,12.1,-0.7
20211207,6.8,0.0,13.3,2.6
20211208,6.7,0.0,13.3,1.9
20211209,6.5,0.0,9.7,2.7
20211210,7.0,0.7,8.2,5.8
20211211,6.0,0.0,9.8,4.4
20211212,1.2,0.0,5.1,-3.8
20211213,-2.2,0.0,1.9,-5.9
20211214,3.7,1.2,8.2,-0.7
20211215,7.2,2.1,10.0,5.4
20211216,6.4,0.0,9.8,3.3
20211217,-5.6,0.0,3.2,-10.1
20211218,-5.7,2.8,-1.8,-11.2
20211219,-0.8,0.2,4.2,-5.8
20211220,5.2,0.0,11.1,-0.9
20211221,5.2,0.0,8.9,0.8
20211222,2.2,0.0,8.2,-2.6
20211223,2.7,0.0,8.3,-1.5
20211224,-0.3,0.2,3.2,-7.3
20211225,-11.7,0.0,-7.3,-14.4
20211226,-12.1,0.0,-7.3,-15.5
20211227,-7.6,0.0,-3.9,-12.9
20211228,-4.1,0.0,-0.9,-8.5
20211229,0.4,0.2,5.9,-3.8
20211230,-3.9,0.0,0.2,-6.8
20211231,-6.7,0.0,-3.9,-8.8
20220101,-4.3,0.0,2.3,-10.2
20220102,-1.3,0.3,3.0,-5.2
20220103,-1.9,0.0,2.5,-8.0
20220104,-2.5,0.0,1.0,-5.6
20220105,-2.8,0.0,1.9,-7.8
20220106,-2.2,0.0,3.3,-5.9
20220107,-1.6,0.0,4.5,-5.9
20220108,0.3,0.0,3.7,-5.0
20220109,1.3,0.0,5.6,-1.2
20220110,0.5,0.9,4.4,-3.4
20220111,-7.4,0.2,0.3,-10.3
20220112,-7.7,0.0,-3.4,-11.3
20220113,-6.4,0.0,-3.1,-8.9
20220114,-4.8,0.0,1.3,-10.1
20220115,-1.0,0.0,1.8,-5.3
20220116,-2.0,0.0,2.4,-7.2
20220117,-5.8,0.5,0.1,-9.2
20220118,-5.6,0.0,-0.7,-9.9
20220119,-5.3,1.7,-2.7,-7.7
20220120,-5.0,0.0,0.9,-9.8
20220121,-2.7,0.0,4.6,-8.7
20220122,0.3,0.0,7.1,-5.0
20220123,2.0,0.0,6.7,-0.6
20220124,4.6,0.0,8.4,1.3
20220125,2.8,0.7,4.5,1.9
20220126,1.3,0.0,6.8,-1.9
20220127,-1.1,0.0,4.0,-4.6
20220128,-2.7,0.0,2.1,-5.9
20220129,-3.6,0.0,0.9,-7.2
20220130,-2.8,0.0,2.4,-8.0
20220131,-0.7,1.2,4.8,-6.8
20220201,-1.3,1.7,0.9,-2.7
20220202,-3.4,0.0,0.0,-6.0
20220203,-3.4,0.0,0.4,-6.9
20220204,-5.2,0.0,-0.7,-8.2
20220205,-6.6,0.0,-2.0,-9.7
20220206,-3.9,0.0,1.7,-8.4
20220207,-2.5,0.0,1.9,-7.3
20220208,-0.1,0.0,5.6,-4.1
20220209,1.0,0.0,7.2,-4.3
20220210,1.4,0.0,6.7,-3.2
20220211,2.9,0.0,8.8,-2.6
20220212,4.8,0.0,10.4,-0.1
20220213,4.8,0.0,9.5,1.6
20220214,2.5,1.7,8.1,-1.3
20220215,-4.7,0.0,-1.3,-7.7
20220216,-7.3,0.0,-4.1,-9.6
20220217,-6.2,0.0,-0.5,-10.7
20220218,-1.2,0.0,5.7,-8.0
20220219,-1.7,0.1,3.7,-6.2
20220220,-4.8,0.0,-0.5,-8.4
20220221,-3.0,0.1,3.6,-8.1
20220222,-4.5,0.0,0.5,-8.0
20220223,-5.6,0.0,-0.6,-10.0
20220224,-2.4,0.0,3.7,-8.5
20220225,3.0,0.0,8.4,-3.6
20220226,5.4,1.1,9.3,1.0
20220227,3.7,0.0,9.1,-1.6
20220228,6.8,0.0,11.5,2.7
20220301,5.8,2.3,9.7,0.3
20220302,3.5,0.0,8.8,-2.3
20220303,5.8,0.0,12.4,0.9
20220304,6.9,0.0,14.6,0.6
20220305,2.3,0.0,6.7,-0.7
20220306,1.4,0.0,6.8,-3.0
20220307,2.8,0.0,8.7,-2.7
20220308,6.0,0.0,12.3,1.1
20220309,7.1,0.0,14.8,1.7
20220310,9.3,0.0,15.8,4.2
20220311,11.2,0.0,18.4,5.1
20220312,12.8,2.6,19.5,6.3
20220313,11.7,42.1,12.6,10.7
20220314,8.2,8.7,13.2,4.9
20220315,7.2,0.0,13.3,2.3
20220316,10.3,0.0,16.8,3.6
20220317,10.7,1.2,15.1,7.8
20220318,7.5,0.0,9.6,5.5
20220319,3.4,14.6,6.1,0.9
20220320,5.4,0.0,9.3,2.2
20220321,5.0,0.0,10.9,-0.3
20220322,7.1,0.0,13.6,1.1
20220323,6.2,0.0,8.2,4.9
20220324,8.2,0.0,12.4,3.9
20220325,12.0,10.9,17.2,6.3
20220326,11.8,19.8,14.7,9.5
20220327,8.1,0.0,12.6,5.0
20220328,8.2,0.0,15.1,1.5
20220329,9.7,0.0,15.6,3.3
20220330,10.8,0.4,15.7,5.9
20220331,10.9,0.0,14.7,7.6
20220401,9.2,0.0,14.9,4.5
20220402,8.2,0.0,14.2,3.7
20220403,9.6,0.0,17.0,3.5
20220404,10.3,0.0,16.4,5.1
20220405,10.3,0.0,15.8,4.9
20220406,11.7,0.0,17.0,8.0
20220407,10.9,0.0,15.7,7.4
20220408,12.9,0.0,20.0,5.1
20220409,17.8,0.5,24.2,12.4
20220410,18.2,0.0,25.1,12.7
20220411,19.6,0.0,26.6,13.4
20220412,19.3,0.5,26.4,15.9
20220413,13.1,1.3,15.9,12.0
20220414,13.2,0.0,15.3,11.4
20220415,13.3,0.0,19.3,7.5
20220416,13.2,0.0,20.2,7.1
20220417,14.0,0.0,21.9,7.2
20220418,15.2,0.0,21.6,11.4
20220419,15.2,0.0,22.1,8.9
20220420,15.7,0.0,22.1,9.7
20220421,16.3,0.0,22.7,9.6
20220422,15.0,0.0,16.8,13.2
20220423,17.7,0.0,25.3,10.4
20220424,18.5,0.3,24.5,15.0
20220425,20.0,1.3,23.6,17.0
20220426,21.9,1.0,28.7,17.0
20220427,17.7,0.0,23.9,12.6
20220428,18.2,0.0,25.9,11.6
20220429,13.4,15.5,16.5,10.7
20220430,13.0,0.0,17.8,10.5
20220501,13.4,0.0,19.2,7.9
20220502,14.2,0.0,19.4,9.1
20220503,14.8,0.0,20.8,9.1
20220504,17.8,0.0,25.2,10.0
20220505,18.9,0.0,25.8,12.5
20220506,19.6,0.0,25.6,13.7
20220507,18.4,0.5,23.1,15.3
20220508,15.3,2.0,18.2,11.7
20220509,17.9,0.0,25.3,11.0
20220510,19.9,0.0,26.3,13.6
20220511,19.7,0.0,25.2,16.6
20220512,20.9,0.0,28.1,14.1
20220513,19.4,0.0,25.2,15.0
20220514,15.7,0.0,20.0,11.9
20220515,16.2,0.0,22.4,10.5
20220516,17.3,0.0,23.7,10.9
20220517,20.0,0.0,27.4,13.0
20220518,20.0,1.5,25.4,15.7
20220519,19.9,0.0,24.2,16.1
20220520,20.6,0.0,25.8,15.6
20220521,20.1,0.0,26.0,16.1
20220522,20.3,0.0,25.8,15.7
20220523,23.0,0.0,30.7,17.8
20220524,22.9,0.0,30.2,16.7
20220525,21.0,3.5,26.7,16.7
20220526,18.7,0.0,23.5,14.1
20220527,20.0,0.0,25.6,16.0
20220528,22.3,0.0,29.3,15.0
20220529,23.1,0.0,29.7,19.3
20220530,20.8,0.0,24.7,17.2
20220531,20.7,0.0,27.2,14.2
20220601,22.1,0.0,28.6,16.2
20220602,21.5,0.0,26.9,17.1
20220603,24.5,0.0,32.6,18.7
20220604,25.6,0.0,29.7,20.3
20220605,22.7,0.0,27.0,20.2
20220606,19.7,4.3,24.5,16.7
20220607,20.6,0.0,25.1,15.1
20220608,21.2,0.0,25.8,16.2
20220609,20.9,2.6,24.5,18.5
20220610,20.9,1.2,26.6,17.2
20220611,24.6,0.0,32.7,17.7
20220612,24.6,0.0,31.5,18.9
20220613,23.6,18.0,29.2,19.6
20220614,21.5,0.0,27.1,17.7
20220615,17.5,18.5,20.1,14.9
20220616,20.3,0.7,24.8,17.6
20220617,22.5,0.0,28.1,16.5
20220618,23.3,0.0,25.1,22.0
20220619,23.4,0.0,25.1,22.3
20220620,25.2,0.0,29.0,22.0
20220621,26.5,0.0,32.6,21.2
20220622,25.9,0.0,31.0,21.9
20220623,24.3,103.0,26.4,23.3
20220624,22.6,19.1,24.9,20.6
20220625,26.0,0.0,30.5,21.5
20220626,26.5,0.0,28.1,24.8
20220627,26.8,6.1,28.1,25.4
20220628,26.9,6.3,27.9,25.7
20220629,25.1,37.8,26.1,24.4
20220630,22.3,176.2,24.5,21.2
20220701,26.6,0.0,30.9,21.9
20220702,28.8,0.0,33.8,24.0
20220703,29.3,0.0,34.2,24.4
20220704,29.3,0.0,32.6,26.4
20220705,29.2,0.0,33.1,26.7
20220706,29.5,16.1,33.3,26.2
20220707,28.2,0.0,31.0,26.4
20220708,25.8,1.7,27.9,24.0
20220709,26.9,0.1,30.9,24.0
20220710,29.2,0.0,35.1,24.6
20220711,27.0,9.0,30.6,24.7
20220712,26.8,0.0,29.4,23.2
20220713,25.0,114.5,27.1,24.0
20220714,25.7,0.9,29.9,23.3
20220715,26.0,0.0,30.3,23.0
20220716,24.8,34.0,28.2,23.2
20220717,25.5,0.0,29.7,22.5
20220718,26.8,0.0,30.1,23.1
20220719,27.4,0.0,31.1,24.3
20220720,27.1,1.1,30.4,24.3
20220721,23.2,10.4,25.2,20.8
20220722,25.1,5.2,27.5,22.9
20220723,24.8,9.9,28.0,22.3
20220724,25.0,1.2,28.4,22.0
20220725,27.5,0.0,32.0,23.6
20220726,28.9,0.0,33.1,24.4
20220727,29.3,0.0,33.4,26.4
20220728,29.7,0.0,34.4,25.1
20220729,30.7,0.0,34.3,27.3
20220730,30.9,1.0,36.1,27.3
20220731,27.2,47.2,29.0,25.4
20220801,28.6,30.0,32.4,25.4
20220802,26.8,33.5,28.5,25.5
20220803,27.1,51.1,30.0,25.2
20220804,28.9,0.0,32.9,26.0
20220805,29.4,0.0,32.7,27.0
20220806,28.7,13.6,30.3,27.4
20220807,28.9,0.9,31.7,27.2
20220808,26.8,129.6,28.4,
20220809,25.1,123.1,26.5,22.0
20220810,24.7,7.6,28.8,21.4
20220811,25.0,38.8,27.5,23.4
20220812,27.0,0.0,32.4,23.0
20220813,25.8,4.0,27.5,24.7
20220814,27.6,3.0,31.5,24.5
20220815,28.1,0.9,29.8,26.6
20220816,26.7,0.0,30.0,24.1
20220817,26.0,0.0,30.5,22.8
20220818,25.6,0.0,29.8,22.4
20220819,26.0,66.1,27.5,23.3
20220820,28.2,0.0,32.0,25.7
20220821,28.1,0.0,32.0,24.7
20220822,26.8,3.2,30.2,22.9
20220823,25.4,2.2,30.2,22.4
20220824,24.8,0.0,27.9,22.4
20220825,22.2,1.6,24.0,21.1
20220826,23.8,0.0,28.4,19.9
20220827,21.5,17.6,25.5,17.6
20220828,22.6,0.0,28.4,16.1
20220829,21.0,2.2,22.5,19.5
20220830,19.1,35.8,20.3,17.9
20220831,21.7,0.0,24.9,19.6
20220901,24.0,0.0,30.4,18.3
20220902,24.7,0.0,29.8,20.3
20220903,24.2,0.0,29.2,20.5
20220904,22.3,33.8,24.0,19.8
20220905,19.2,120.0,22.7,17.7
20220906,21.0,25.3,26.3,17.0
20220907,22.8,0.0,28.1,17.9
20220908,23.2,0.0,29.5,16.7
20220909,24.3,0.0,30.8,18.9
20220910,23.6,0.0,28.4,19.0
20220911,23.3,0.1,26.4,20.6
20220912,23.8,0.0,27.5,20.3
20220913,24.3,0.0,26.4,21.8
20220914,24.6,0.0,27.9,22.7
20220915,25.2,0.1,28.3,22.0
20220916,25.7,14.6,29.9,23.4
20220917,25.6,4.3,29.4,23.3
20220918,27.1,0.0,32.5,23.0
20220919,24.6,0.0,29.6,19.5
20220920,19.9,0.0,24.6,16.1
20220921,19.4,0.0,25.6,13.0
20220922,19.8,0.0,24.7,14.2
20220923,17.5,3.3,22.2,14.7
20220924,18.5,0.0,24.2,12.3
20220925,19.6,0.0,25.2,15.4
20220926,20.0,0.0,25.4,14.8
20220927,20.9,0.0,28.0,14.0
20220928,20.4,0.0,26.1,16.1
20220929,20.4,0.0,26.5,16.4
20220930,20.7,0.0,27.7,14.8
20221001,20.9,0.0,27.6,14.4
20221002,19.4,15.8,21.6,17.2
20221003,21.4,76.0,23.4,17.5
20221004,17.9,11.8,23.0,14.2
20221005,16.6,0.1,21.6,14.1
20221006,15.8,0.0,19.1,12.7
20221007,14.3,0.0,18.6,11.0
20221008,15.8,0.0,21.6,11.1
20221009,13.1,20.4,14.5,10.7
20221010,9.9,0.0,11.9,8.2
20221011,11.1,0.0,16.4,7.4
20221012,13.5,0.0,20.6,6.5
20221013,16.3,0.0,22.7,10.7
20221014,17.1,0.0,23.0,12.4
20221015,18.2,0.0,24.4,12.6
20221016,16.9,0.0,20.5,15.1
20221017,11.2,0.0,15.1,7.4
20221018,9.4,0.0,14.2,5.0
20221019,10.5,0.0,16.8,4.4
20221020,12.9,0.0,19.7,6.0
20221021,14.0,0.0,20.9,8.8
20221022,15.1,0.0,20.8,10.5
20221023,14.0,0.0,18.6,10.4
20221024,10.6,0.0,14.8,7.5
20221025,11.3,0.0,17.6,5.9
20221026,12.9,0.0,17.8,8.0
20221027,13.2,0.0,18.9,8.6
20221028,13.6,0.0,20.6,8.2
20221029,14.8,0.0,21.3,10.2
20221030,14.9,0.0,21.3,10.4
20221031,14.9,0.0,21.1,11.2
20221101,13.1,0.0,17.8,9.4
20221102,11.1,0.0,17.9,5.5
20221103,9.3,0.0,13.4,5.6
20221104,4.9,0.0,9.8,1.6
20221105,6.5,0.0,13.6,0.8
20221106,9.6,0.0,16.4,3.7
20221107,11.4,0.0,16.6,6.1
20221108,12.9,0.0,17.9,9.7
20221109,11.4,0.0,16.0,6.7
20221110,13.5,0.0,19.1,8.8
20221111,15.6,0.0,22.1,10.9
20221112,16.3,57.9,22.0,11.6
20221113,10.3,0.0,17.3,8.7
20221114,9.7,0.0,13.8,5.9
20221115,8.1,1.6,12.3,4.0
20221116,8.5,0.0,13.0,5.5
20221117,10.2,0.0,16.6,5.4
20221118,11.0,0.0,18.1,5.3
20221119,12.9,0.0,19.2,8.7
20221120,13.7,0.0,20.2,9.5
20221121,11.8,0.0,16.2,9.3
20221122,10.7,0.0,13.7,7.0
20221123,10.8,0.0,15.2,6.8
20221124,9.4,0.0,14.1,5.9
20221125,12.3,1.7,17.8,7.1
20221126,6.7,0.0,12.9,1.0
20221127,5.4,0.0,11.5,-1.1
20221128,12.3,19.5,15.0,7.5
20221129,6.9,3.8,15.0,-1.6
20221130,-5.4,0.0,-1.6,-8.1
20221201,-5.4,0.0,-1.2,-9.4
20221202,-2.5,0.0,3.0,-7.6
20221203,2.1,1.1,7.0,-0.3
20221204,-3.5,0.0,-0.2,-5.2
20221205,-3.1,0.0,1.9,-7.0
20221206,0.9,0.1,5.3,-3.9
20221207,4.9,0.1,9.0,1.2
20221208,3.7,0.0,9.1,0.1
20221209,4.5,0.0,10.2,0.9
20221210,2.6,0.0,6.7,-0.6
20221211,1.6,0.0,6.8,-1.5
20221212,2.0,5.4,6.3,-2.0
20221213,0.0,0.6,3.1,-6.4
20221214,-8.4,0.0,-4.9,-11.0
20221215,-4.5,2.4,-1.3,-8.5
20221216,-6.3,0.0,-2.2,-9.6
20221217,-7.0,0.2,-3.2,-9.8
20221218,-9.5,0.0,-5.6,-12.4
20221219,-7.0,0.0,-2.5,-12.0
20221220,-3.2,0.0,2.9,-9.5
20221221,-0.1,3.6,2.6,-2.6
20221222,-7.8,0.0,-2.6,-11.3
20221223,-11.8,0.0,-8.6,-13.7
20221224,-8.4,0.0,-2.0,-13.5
20221225,-5.4,0.0,0.2,-9.6
20221226,-3.9,0.0,1.7,-7.9
20221227,-2.6,0.0,3.3,-7.3
20221228,-3.3,0.1,0.1,-6.0
20221229,-2.9,0.0,2.1,-7.8
20221230,-1.8,0.0,2.3,-4.4
20221231,-1.2,0.0,2.1,-5.1
20230101,-0.2,0.0,3.8,-4.3
20230102,-4.5,0.0,-0.4,-7.4
20230103,-5.0,0.0,0.6,-9.0
20230104,-1.8,0.0,3.3,-5.7
20230105,-1.6,0.0,3.6,-5.6
20230106,0.6,3.9,5.7,-4.7
20230107,1.5,0.1,3.8,-1.4
20230108,1.3,0.0,6.3,-3.7
20230109,3.1,0.0,7.0,-1.3
20230110,1.6,0.0,9.1,-3.9
20230111,2.6,0.0,9.2,-2.0
20230112,5.9,0.0,12.5,-0.6
20230113,8.3,37.3,10.1,5.1
20230114,6.6,1.6,8.4,3.8
20230115,-0.2,3.2,3.8,-3.5
20230116,-4.6,0.0,-1.2,-6.8
20230117,-3.7,0.0,-0.4,-7.0
20230118,-1.9,0.0,2.2,-4.6
20230119,-0.4,1.0,4.3,-6.0
20230120,-3.3,0.0,2.0,-7.7
20230121,-4.5,0.0,1.5,-10.5
20230122,-0.6,0.0,2.6,-2.8
20230123,-0.8,0.0,4.6,-6.9
20230124,-14.7,0.0,-6.9,-17.0
20230125,-11.3,0.0,-5.4,-17.3
20230126,-6.0,0.8,-3.5,-9.0
20230127,-7.3,0.0,-3.8,-9.6
20230128,-6.0,0.0,-0.6,-11.2
20230129,-1.8,0.0,4.9,-8.0
20230130,-0.9,0.0,4.2,-4.4
20230131,2.4,0.0,7.8,-3.5
20230201,0.9,0.0,6.0,-3.0
20230202,-2.4,0.0,1.4,-5.1
20230203,-1.6,0.0,3.4,-3.9
20230204,-0.2,0.0,6.0,-5.2
20230205,1.7,0.0,7.1,-3.3
20230206,3.0,0.0,8.8,-1.7
20230207,3.5,0.0,9.5,-0.6
20230208,2.1,0.0,7.8,-1.3
20230209,4.0,0.0,9.9,-2.8
20230210,3.8,0.6,6.2,1.1
20230211,2.8,0.0,8.5,-1.2
20230212,3.7,0.0,7.6,-0.9
20230213,5.9,0.0,8.4,2.7
20230214,1.7,0.0,6.6,-2.5
20230215,3.2,0.0,8.9,-1.2
20230216,2.3,0.0,4.5,-0.7
20230217,3.4,0.0,9.8,-1.5
20230218,5.7,0.0,8.1,3.0
20230219,3.5,0.4,6.1,0.2
20230220,-0.5,0.0,2.4,-3.5
20230221,-1.3,0.0,4.8,-5.3
20230222,1.2,0.0,8.4,-4.5
20230223,2.9,0.0,9.2,-1.8
20230224,3.5,0.0,8.5,-0.4
20230225,0.7,0.0,5.7,-2.9
20230226,2.2,0.0,9.4,-3.4
20230227,4.4,0.0,12.4,-1.8
20230228,4.3,0.0,8.7,-0.7
20230301,6.0,0.0,9.0,2.9
20230302,2.2,0.0,6.6,-1.8
20230303,4.6,0.0,10.4,-1.9
20230304,7.7,0.0,14.1,3.7
20230305,8.0,0.0,15.4,2.5
20230306,9.2,0.0,16.5,2.2
20230307,11.7,0.0,19.4,6.3
20230308,12.5,1.2,17.7,7.4
20230309,10.3,3.7,13.1,7.4
20230310,13.5,0.0,22.2,6.2
20230311,15.2,0.0,22.8,10.2
20230312,5.9,5.6,12.6,0.6
20230313,2.9,0.0,7.6,-1.9
20230314,9.2,0.0,15.4,3.3
20230315,8.6,0.0,14.4,3.5
20230316,4.6,0.0,9.0,0.4
20230317,7.2,0.0,12.7,0.7
20230318,7.7,0.0,14.0,2.5
20230319,8.3,0.0,15.2,2.3
20230320,9.5,0.0,17.1,2.6
20230321,13.0,0.0,22.2,5.0
20230322,17.0,0.0,25.1,9.2
20230323,17.4,0.0,23.3,12.3
20230324,12.5,0.0,18.3,7.6
20230325,12.5,0.0,18.7,8.0
20230326,9.4,0.0,14.0,4.7
20230327,7.3,0.0,14.5,1.9
20230328,9.2,0.0,15.7,2.8
20230329,11.8,0.0,19.7,5.1
20230330,13.3,0.0,21.2,6.4
20230331,15.0,0.0,23.9,7.5
20230401,17.5,0.0,25.6,9.4
20230402,18.8,0.0,25.2,11.9
20230403,19.0,0.0,25.9,11.3
20230404,17.6,6.9,21.7,12.7
20230405,11.9,50.3,14.9,8.7
20230406,8.8,2.7,9.7,7.4
20230407,8.9,0.0,15.7,4.6
20230408,8.8,0.0,14.9,3.1
20230409,10.8,0.0,17.8,3.5
20230410,13.2,0.0,19.1,6.2
20230411,13.1,2.9,17.4,9.2
20230412,10.1,0.0,15.3,4.8
20230413,11.9,0.0,17.2,5.1
20230414,16.2,0.0,21.3,11.9
20230415,13.5,4.6,16.6,9.3
20230416,10.8,0.0,16.1,7.5
20230417,13.1,0.0,18.1,6.8
20230418,14.0,1.5,18.4,10.7
20230419,19.1,0.0,28.4,11.5
20230420,15.8,0.5,18.9,14.5
20230421,16.7,0.0,22.8,11.4
20230422,16.9,0.0,22.5,12.2
20230423,16.1,0.0,22.1,10.7
20230424,15.8,0.0,21.3,11.5
20230425,10.9,0.4,13.2,9.0
20230426,10.2,0.0,13.5,7.4
20230427,12.9,0.0,20.0,5.1
20230428,15.7,1.9,21.3,9.0
20230429,13.2,25.1,15.8,9.9
20230430,12.7,0.1,17.9,7.9
20230501,14.6,0.0,20.8,9.8
20230502,16.7,0.0,23.7,9.1
20230503,19.5,0.0,26.2,12.4
20230504,21.4,0.0,25.8,15.6
20230505,18.4,30.2,21.6,15.5
20230506,12.6,47.5,15.5,11.7
20230507,14.4,0.0,18.6,11.1
20230508,15.3,0.0,22.0,7.9
20230509,17.0,0.0,24.4,10.0
20230510,18.4,0.0,26.0,10.7
20230511,19.5,0.0,26.7,12.8
20230512,18.4,0.0,24.7,13.1
20230513,17.8,0.0,23.9,12.6
20230514,18.1,0.0,23.8,12.9
20230515,20.6,0.0,27.9,12.8
20230516,24.0,0.0,31.2,17.2
20230517,23.5,0.0,28.7,18.6
20230518,21.2,1.3,27.6,18.8
20230519,22.3,0.0,27.8,16.7
20230520,21.2,0.0,26.7,16.6
20230521,17.8,0.2,21.9,15.3
20230522,20.3,0.0,26.8,15.9
20230523,20.5,0.0,26.9,14.1
20230524,20.6,0.0,25.9,14.8
20230525,21.2,0.0,27.4,15.7
20230526,21.4,0.5,27.3,15.8
20230527,19.3,31.8,20.7,18.6
20230528,19.2,41.8,20.2,18.4
20230529,23.2,2.3,28.5,19.0
20230530,24.0,0.0,28.9,20.5
20230531,22.8,0.0,28.2,18.8
20230601,22.8,0.0,26.3,19.7
20230602,20.4,0.0,25.0,17.9
20230603,22.0,0.0,27.8,16.6
20230604,22.1,0.0,28.0,16.9
20230605,21.5,0.0,26.3,17.6
20230606,20.3,0.0,25.2,17.3
20230607,21.4,0.0,25.7,18.9
20230608,20.4,1.9,23.9,18.3
20230609,23.3,1.2,28.4,18.3
20230610,23.2,0.8,28.5,19.6
20230611,22.1,32.2,27.3,17.9
20230612,22.2,0.0,27.5,18.4
20230613,22.0,0.0,26.0,19.2
20230614,20.6,30.6,25.0,17.5
20230615,22.7,0.0,28.3,17.7
20230616,23.7,0.0,28.9,19.1
20230617,24.2,0.0,30.2,18.9
20230618,25.9,0.0,32.6,20.8
20230619,28.5,0.0,34.0,23.3
20230620,24.7,6.4,26.4,21.4
20230621,20.5,24.9,22.1,19.2
20230622,22.5,0.0,26.4,18.9
20230623,24.4,0.0,29.9,20.0
20230624,26.4,0.0,31.1,21.9
20230625,28.2,0.0,33.1,22.8
20230626,24.2,30.3,27.5,22.3
20230627,25.3,2.5,29.1,21.4
20230628,26.5,0.0,30.1,24.2
20230629,24.2,63.8,25.9,23.2
20230630,25.3,1.0,29.1,23.2
20230701,27.7,0.0,32.9,23.3
20230702,26.7,0.0,30.6,23.5
20230703,29.1,0.0,34.9,24.1
20230704,26.1,61.8,29.2,24.5
20230705,24.5,15.3,27.1,22.1
20230706,27.3,0.0,31.8,22.4
20230707,26.7,0.0,31.4,23.3
20230708,25.6,0.0,29.7,22.4
20230709,24.7,47.5,27.0,21.6
20230710,26.3,11.5,30.9,22.9
20230711,23.5,58.3,25.9,21.6
20230712,25.8,0.7,29.1,22.0
20230713,25.2,91.6,26.5,24.7
20230714,24.6,72.7,25.1,23.9
20230715,24.5,2.3,25.7,23.7
20230716,24.6,9.7,25.4,23.7
20230717,25.5,1.4,27.8,23.7
20230718,25.2,2.3,27.7,24.1
20230719,27.2,0.0,32.4,22.5
20230720,27.9,0.0,32.8,24.0
20230721,29.5,0.0,34.3,24.6
20230722,27.7,12.3,32.5,24.6
20230723,25.2,40.2,25.8,24.5
20230724,26.9,0.4,30.0,24.6
20230725,27.8,5.6,30.5,25.8
20230726,27.6,1.0,31.1,24.9
20230727,28.4,0.0,32.2,24.4
20230728,29.5,0.0,34.1,25.4
20230729,29.1,0.0,33.3,26.1
20230730,28.8,25.0,34.9,24.9
20230731,28.7,0.3,33.4,25.6
20230801,29.9,0.0,34.2,25.5
20230802,29.7,0.0,33.7,26.8
20230803,29.5,0.0,33.8,25.8
20230804,30.0,0.0,34.4,26.5
20230805,30.3,0.0,34.9,26.4
20230806,29.8,4.9,33.0,27.0
20230807,30.4,0.0,34.6,27.3
20230808,30.9,0.0,35.8,26.4
20230809,28.3,0.2,31.6,25.1
20230810,22.2,86.1,25.1,20.9
20230811,23.5,46.7,24.9,21.6
20230812,23.3,1.5,24.1,22.5
20230813,27.0,0.0,31.1,22.6
20230814,28.1,0.0,31.9,24.8
20230815,28.6,0.0,32.7,24.7
20230816,27.3,0.3,31.6,24.7
20230817,28.2,0.0,32.4,24.5
20230818,29.1,0.1,33.3,25.5
20230819,29.1,0.0,33.6,26.4
20230820,28.3,0.0,31.8,25.5
20230821,29.5,0.0,33.6,26.0
20230822,27.6,42.6,32.2,25.8
20230823,24.8,41.8,27.2,23.2
20230824,25.1,5.2,27.8,22.3
20230825,26.5,0.0,30.0,24.0
20230826,26.4,0.0,30.3,23.3
20230827,26.1,0.0,29.6,22.7
20230828,22.7,10.4,25.6,20.8
20230829,23.9,54.8,25.5,22.5
20230830,22.8,3.5,24.5,21.5
20230831,23.9,0.0,28.9,21.0
20230901,24.5,0.0,29.6,19.7
20230902,25.4,0.0,30.8,19.7
20230903,25.8,0.1,28.8,23.1
20230904,27.0,0.3,30.2,24.3
20230905,28.5,0.0,32.8,25.0
20230906,27.9,0.0,32.1,24.0
20230907,26.3,0.0,31.6,20.9
20230908,25.3,0.0,30.5,19.6
20230909,25.8,0.0,31.2,20.8
20230910,25.7,0.0,29.6,22.0
20230911,25.5,0.0,29.8,23.1
20230912,25.7,0.0,29.8,21.7
20230913,22.1,15.9,24.6,19.6
20230914,23.4,0.0,27.2,19.2
20230915,22.3,2.1,24.3,20.3
20230916,23.9,38.7,26.6,22.0
20230917,24.7,3.0,28.0,22.0
20230918,24.7,0.0,28.9,22.1
20230919,24.1,0.0,27.2,21.6
20230920,20.6,35.8,23.9,18.8
20230921,20.1,0.0,23.6,17.5
20230922,20.5,0.0,26.7,15.2
20230923,21.8,0.0,27.6,16.3
20230924,21.8,0.0,26.2,17.9
20230925,21.6,1.9,26.0,17.9
20230926,19.9,27.8,20.8,18.6
20230927,21.5,4.4,23.7,20.0
20230928,22.7,0.0,27.3,19.6
20230929,21.1,0.0,26.9,17.4
20230930,19.7,4.5,22.2,17.1
20231001,18.4,0.0,23.7,14.4
20231002,18.2,0.0,24.6,12.9
20231003,17.5,0.0,22.5,14.4
20231004,17.3,14.7,23.2,14.2
20231005,14.2,0.0,19.2,9.9
20231006,15.5,0.0,21.5,9.6
20231007,16.8,0.0,21.2,11.7
20231008,17.1,0.0,19.5,15.2
20231009,17.4,1.2,22.4,14.1
20231010,17.1,0.0,23.5,11.9
20231011,17.6,0.0,24.0,12.9
20231012,17.5,0.0,24.1,12.0
20231013,17.5,0.0,21.5,14.3
20231014,14.7,5.8,18.2,12.9
20231015,16.1,0.0,21.2,10.9
20231016,14.7,0.0,19.6,10.7
20231017,13.8,0.0,20.9,7.5
20231018,15.7,0.0,21.6,9.2
20231019,17.0,8.2,18.9,14.9
20231020,11.6,0.0,15.1,7.2
20231021,10.4,1.1,16.6,5.9
20231022,12.5,0.0,18.7,5.4
20231023,15.2,0.0,21.4,11.1
20231024,15.6,0.0,19.3,11.2
20231025,16.6,0.0,21.9,12.7
20231026,17.2,0.0,21.1,14.6
20231027,15.7,0.0,20.2,12.6
20231028,14.2,0.0,20.7,9.4
20231029,14.9,0.0,21.8,9.8
20231030,15.1,0.0,21.9,9.7
20231031,16.5,0.0,20.8,12.7
20231101,19.0,0.0,20.6,17.2
20231102,20.8,0.0,25.9,18.7
20231103,19.5,8.5,22.4,17.7
20231104,17.4,0.0,20.9,14.1
20231105,17.3,10.4,20.4,15.1
20231106,13.3,45.8,19.3,6.6
20231107,5.8,0.0,9.9,3.6
20231108,8.4,0.0,16.1,1.8
20231109,11.4,5.1,18.4,5.9
20231110,3.4,0.0,9.1,0.5
20231111,1.7,0.0,6.7,-1.9
20231112,1.2,0.0,5.7,-2.0
20231113,2.0,0.0,6.7,-2.2
20231114,5.0,0.0,10.8,-0.8
20231115,7.0,0.0,12.5,2.0
20231116,6.6,8.4,7.4,5.7
20231117,1.6,0.0,5.9,-1.9
20231118,0.6,0.0,5.7,-3.8
20231119,5.9,0.0,13.4,-0.3
20231120,6.2,0.0,12.8,1.8
20231121,7.4,0.0,14.8,1.4
20231122,9.5,0.0,15.1,2.9
20231123,9.9,0.1,14.6,1.9
20231124,-1.5,0.0,2.2,-4.4
20231125,-1.3,0.0,4.0,-5.9
20231126,4.0,0.0,7.2,-0.1
20231127,6.2,3.6,9.3,4.4
20231128,1.3,0.0,5.2,-1.2
20231129,-1.4,0.0,3.0,-4.0
20231130,-4.3,0.0,-0.5,-7.3
20231201,-3.2,0.0,0.7,-6.8
20231202,2.0,0.0,8.0,-4.4
20231203,0.8,0.0,6.0,-2.8
20231204,2.7,0.0,9.4,-3.0
20231205,6.8,0.0,12.6,3.8
20231206,6.1,3.8,8.7,3.9
20231207,6.6,0.0,11.4,0.8
20231208,11.2,0.0,16.8,5.1
20231209,13.7,0.0,16.2,11.7
20231210,11.4,0.0,15.5,6.7
20231211,8.9,11.4,12.3,5.0
20231212,5.4,0.4,9.3,3.5
20231213,6.8,0.0,10.3,2.6
20231214,7.6,17.0,9.1,6.2
20231215,4.9,31.1,6.2,3.7
20231216,-4.1,1.5,3.8,-9.9
20231217,-9.8,0.0,-6.4,-12.4
20231218,-7.7,0.0,-3.6,-12.2
20231219,-3.7,0.3,0.2,-8.2
20231220,-7.4,0.8,-2.1,-11.9
20231221,-11.7,0.0,-8.0,-14.4
20231222,-11.6,0.0,-8.0,-14.7
20231223,-6.8,0.0,-0.9,-12.7
20231224,-2.2,1.1,3.0,-5.6
20231225,-0.7,0.7,2.1,-2.7
20231226,1.9,0.0,7.2,-2.6
20231227,1.5,0.0,6.8,-2.8
20231228,1.2,0.0,4.4,-1.7
20231229,1.3,0.0,4.6,-1.5
20231230,0.6,13.1,2.1,-0.9
20231231,2.1,4.7,4.3,0.6
20240101,3.3,0.0,7.3,-0.3
20240102,2.9,0.0,4.3,2.2
20240103,1.8,0.6,4.0,-1.1
20240104,1.4,0.0,4.7,-3.3
20240105,5.0,0.0,9.1,1.4
20240106,0.7,2.4,5.2,-2.7
20240107,-4.4,0.0,-0.9,-8.3
20240108,-4.7,0.0,0.0,-10.3
20240109,-0.6,1.6,0.4,-1.9
20240110,-1.0,0.0,3.3,-4.1
20240111,1.7,0.0,4.5,-2.4
20240112,0.9,0.0,4.2,-1.4
20240113,0.4,0.0,6.4,-3.8
20240114,-0.6,3.1,2.4,-3.3
20240115,-3.7,0.0,0.9,-6.9
20240116,-2.1,0.0,4.3,-7.2
20240117,0.6,9.7,1.9,-2.3
20240118,4.5,0.5,9.4,1.4
20240119,5.4,0.0,9.0,4.0
20240120,3.4,0.4,4.9,1.9
20240121,1.7,0.4,4.3,-2.4
20240122,-8.7,0.2,-2.4,-11.9
20240123,-11.7,0.0,-8.2,-14.0
20240124,-8.0,0.0,-3.7,-11.2
20240125,-5.3,0.0,-0.5,-9.7
20240126,-1.7,0.0,4.0,-6.9
20240127,-0.5,0.0,4.6,-4.6
20240128,-1.5,0.0,3.8,-5.0
20240129,-0.4,0.0,4.6,-4.8
20240130,1.4,0.0,8.1,-4.0
20240131,4.7,0.0,10.6,0.7
20240201,2.4,0.0,8.2,-1.3
20240202,3.1,0.0,7.9,0.7
20240203,4.7,0.0,8.3,-0.2
20240204,7.3,0.0,12.2,3.7
20240205,2.7,3.9,6.6,0.1
20240206,1.2,0.2,2.9,0.0
20240207,0.6,0.0,2.7,-0.9
20240208,0.6,0.0,6.2,-3.0
20240209,1.1,0.0,6.1,-2.5
20240210,1.7,0.0,7.4,-1.5
20240211,1.0,0.0,5.5,-3.1
20240212,3.5,0.0,10.5,-2.9
20240213,8.2,0.0,13.7,2.0
20240214,12.9,0.0,18.3,8.8
20240215,4.5,10.9,11.6,0.6
20240216,2.3,0.0,8.1,-1.5
20240217,4.4,0.0,11.7,-1.2
20240218,6.2,17.1,9.4,1.2
20240219,9.1,8.9,11.9,4.2
20240220,4.3,2.6,6.8,2.8
20240221,1.9,17.8,4.0,0.0
20240222,0.2,8.8,1.6,-1.1
20240223,1.8,0.4,6.1,-1.0
20240224,2.0,2.3,5.9,-1.3
20240225,2.8,1.8,5.9,0.8
20240226,3.8,0.0,9.7,-1.2
20240227,5.3,0.0,9.8,1.2
20240228,6.4,0.0,10.1,3.2
20240229,4.8,0.0,9.6,0.3
20240301,-4.1,0.0,0.3,-7.1
20240302,-0.5,0.0,4.1,-8.1
20240303,4.0,0.0,7.8,0.4
20240304,5.4,0.0,11.7,-1.8
20240305,8.0,0.0,11.0,5.5
20240306,6.2,0.0,10.3,2.5
20240307,3.9,2.1,8.2,1.2
20240308,2.1,0.0,6.5,-0.7
20240309,2.0,0.0,7.1,-2.1
20240310,4.2,0.0,10.6,-1.8
20240311,6.2,0.0,10.8,2.0
20240312,6.6,2.1,10.0,4.4
20240313,6.5,0.0,12.0,1.3
20240314,8.5,0.0,15.4,3.4
20240315,8.9,0.0,14.5,4.0
20240316,10.9,0.0,18.3,4.4
20240317,8.8,0.1,12.2,5.4
20240318,7.1,0.0,13.2,1.4
20240319,6.7,0.2,9.8,3.9
20240320,4.4,0.0,8.7,1.2
20240321,5.0,0.0,11.5,-1.2
20240322,10.4,5.4,15.2,3.8
20240323,13.0,0.1,18.2,9.3
20240324,16.2,0.0,23.4,10.5
20240325,10.6,5.1,14.5,6.7
20240326,7.4,11.5,12.4,3.2
20240327,10.4,0.0,16.2,4.4
20240328,10.3,1.9,12.2,7.8
20240329,7.6,1.4,12.3,5.0
20240330,8.8,0.0,15.6,3.0
20240331,10.6,0.0,17.7,3.4
20240401,12.2,0.0,19.0,5.5
20240402,15.4,0.0,23.9,7.0
20240403,16.6,0.0,19.7,13.9
20240404,15.5,0.0,20.3,12.4
20240405,14.0,0.0,18.8,10.2
20240406,12.7,0.0,18.9,8.0
20240407,14.8,0.0,23.4,7.7
20240408,16.2,0.0,22.8,11.0
20240409,15.3,0.0,20.8,10.6
20240410,13.8,0.0,18.5,10.2
20240411,15.5,0.0,21.1,11.7
20240412,17.2,0.0,24.2,12.0
20240413,19.1,0.0,27.3,11.2
20240414,20.8,0.0,29.4,13.6
20240415,16.0,17.1,20.0,11.7
20240416,13.3,2.3,17.9,11.5
20240417,15.0,0.0,21.8,9.7
20240418,17.3,0.0,24.9,10.7
20240419,17.6,0.0,24.3,11.5
20240420,14.9,4.8,17.2,13.0
20240421,17.2,0.0,21.7,13.3
20240422,18.8,0.0,24.1,15.0
20240423,17.3,0.0,24.2,13.2
20240424,13.2,9.0,16.5,11.0
20240425,14.4,0.0,20.8,10.3
20240426,17.8,0.0,26.0,11.4
20240427,18.2,0.0,26.2,11.5
20240428,20.7,0.0,28.9,13.0
20240429,20.9,0.0,26.1,16.9
20240430,18.6,0.0,22.5,16.0
20240501,18.5,0.0,24.0,13.9
20240502,18.1,0.0,23.7,12.4
20240503,19.7,0.0,27.9,12.2
20240504,21.4,0.0,28.5,14.6
20240505,17.8,48.3,20.6,15.7
20240506,13.9,12.3,15.7,13.4
20240507,13.3,2.4,15.0,12.2
20240508,14.7,0.0,21.4,9.0
20240509,16.1,0.0,21.8,10.9
20240510,17.9,0.0,23.8,12.5
20240511,17.0,31.7,22.0,14.0
20240512,16.6,0.0,21.6,11.9
20240513,18.3,0.0,24.5,11.9
20240514,18.8,0.0,24.7,12.7
20240515,12.6,20.6,18.8,7.2
20240516,13.7,0.1,19.8,6.9
20240517,18.3,0.0,24.9,10.8
20240518,20.7,0.0,26.5,16.0
20240519,21.5,0.0,27.9,15.9
20240520,19.4,0.0,22.8,16.8
20240521,21.7,0.0,28.3,16.3
20240522,20.5,0.0,25.5,16.4
20240523,20.2,0.0,26.4,15.8
20240524,20.1,0.0,24.7,15.7
20240525,21.4,0.0,24.7,18.7
20240526,19.9,8.7,23.7,17.0
20240527,18.5,0.0,22.6,14.1
20240528,20.4,0.0,26.1,14.3
20240529,21.2,0.0,26.8,15.4
20240530,20.7,0.0,24.6,16.2
20240531,20.4,1.0,25.4,16.9
20240601,20.7,0.0,25.2,17.5
20240602,20.4,0.0,25.8,15.7
20240603,22.2,0.0,28.7,15.7
20240604,22.8,0.0,29.3,16.3
20240605,23.6,0.0,30.1,18.1
20240606,24.1,0.0,31.4,19.3
20240607,23.1,0.8,28.0,18.3
20240608,20.3,16.9,25.0,17.9
20240609,22.9,0.0,28.8,17.4
20240610,24.7,0.0,31.1,19.0
20240611,25.4,0.0,31.6,21.7
20240612,24.8,0.0,31.8,19.2
20240613,26.4,0.0,32.8,20.0
20240614,26.3,0.0,33.0,21.4
20240615,24.2,6.1,28.2,21.8
20240616,24.3,0.0,29.5,19.9
20240617,24.8,0.0,30.2,18.9
20240618,26.0,0.0,32.9,20.4
20240619,28.8,0.0,35.8,21.4
20240620,29.4,0.0,35.4,23.4
20240621,28.1,0.0,33.9,22.9
20240622,24.2,16.5,26.1,22.6
20240623,25.1,5.1,30.1,22.5
20240624,24.3,0.0,27.9,21.2
20240625,22.9,0.0,27.2,19.1
20240626,24.9,0.0,31.6,18.9
20240627,26.3,0.0,31.6,20.6
20240628,26.6,0.0,32.5,21.3
20240629,26.7,38.3,32.3,21.6
20240630,23.5,32.2,24.9,22.0
20240701,26.3,0.0,31.3,22.0
20240702,23.2,65.1,25.2,21.9
20240703,24.7,0.8,25.9,23.6
20240704,26.8,3.6,30.6,23.2
20240705,23.4,4.1,26.1,21.3
20240706,25.1,2.8,30.0,22.1
20240707,24.4,28.7,28.2,21.5
20240708,23.8,21.1,24.5,23.1
20240709,24.5,0.3,26.7,22.7
20240710,26.6,1.4,31.1,22.7
20240711,25.7,0.0,28.9,23.3
20240712,25.6,0.0,30.2,21.8
20240713,28.1,0.0,33.3,23.5
20240714,28.4,0.4,32.1,24.9
20240715,28.4,0.0,31.3,24.5
20240716,27.0,17.0,30.7,24.6
20240717,25.4,98.8,28.1,24.1
20240718,24.3,128.8,25.6,23.1
20240719,27.0,0.1,30.8,24.2
20240720,27.2,14.9,30.6,25.1
20240721,26.5,8.5,29.8,22.5
20240722,26.6,79.9,27.9,24.3
20240723,26.4,2.0,27.3,25.8
20240724,28.1,14.7,30.9,26.0
20240725,28.8,25.3,32.2,25.4
20240726,28.7,5.5,32.7,25.2
20240727,28.9,33.5,31.7,27.5
20240728,29.2,0.0,32.2,27.3
20240729,27.4,0.0,27.8,26.8
20240730,28.6,0.0,31.9,26.3
20240731,29.4,0.0,33.3,27.0
20240801,29.9,0.3,33.2,27.3
20240802,29.6,0.0,32.5,28.2
20240803,30.2,0.0,34.2,27.2
20240804,31.8,0.0,36.2,27.3
20240805,30.0,1.3,33.7,26.9
20240806,29.5,0.0,33.5,25.6
20240807,29.6,3.4,33.4,27.2
20240808,28.5,0.0,31.6,26.9
20240809,29.3,0.0,33.6,25.6
20240810,30.0,0.0,33.6,26.4
20240811,30.8,0.0,34.4,27.8
20240812,31.1,0.0,34.1,28.2
20240813,31.3,0.0,36.4,28.1
20240814,30.0,3.0,34.9,27.3
20240815,29.2,6.4,34.6,26.7
20240816,29.8,0.0,34.3,26.8
20240817,29.8,11.0,34.0,27.2
20240818,29.5,0.0,33.9,27.0
20240819,29.7,2.3,35.3,26.3
20240820,31.4,0.0,35.4,27.0
20240821,28.4,42.2,30.8,26.9
20240822,28.6,0.6,30.3,27.1
20240823,28.4,0.0,31.8,26.4
20240824,27.6,2.0,30.9,25.1
20240825,28.5,0.0,32.7,24.9
20240826,28.1,0.0,30.6,25.6
20240827,26.5,0.3,30.3,24.6
20240828,28.2,0.0,33.2,23.0
20240829,28.4,0.0,33.5,23.4
20240830,28.0,0.0,32.9,23.7
20240831,27.6,0.0,33.0,22.6
20240901,27.1,0.0,31.6,24.6
20240902,24.5,2.7,26.9,22.2
20240903,27.0,0.0,32.0,23.2
20240904,27.9,0.0,33.3,23.2
20240905,26.3,6.9,28.8,25.6
20240906,24.0,0.7,25.7,23.3
20240907,26.5,0.0,31.3,22.8
20240908,27.2,0.0,32.8,22.6
20240909,28.5,0.0,34.1,24.1
20240910,29.4,0.0,33.9,25.6
20240911,29.0,0.4,34.6,25.4
20240912,25.4,32.7,27.1,24.8
20240913,25.9,7.6,28.0,24.2
20240914,28.0,0.0,32.2,25.2
20240915,27.5,0.0,32.4,24.2
20240916,26.8,9.5,32.2,21.3
20240917,28.6,0.0,33.2,25.8
20240918,29.4,0.7,33.6,26.5
20240919,29.1,0.0,32.6,25.6
20240920,25.0,54.5,28.6,17.9
20240921,19.3,27.0,21.9,17.1
20240922,21.0,0.0,26.7,16.9
20240923,20.8,0.0,26.1,16.6
20240924,21.0,0.0,26.9,15.6
20240925,23.3,0.0,27.3,18.6
20240926,23.6,1.2,28.0,21.1
20240927,22.7,0.0,28.0,19.1
20240928,23.2,0.0,27.9,19.2
20240929,23.5,0.0,29.0,19.1
20240930,23.0,0.0,28.5,18.3
20241001,18.3,2.5,21.7,13.3
20241002,14.9,0.0,19.9,11.6
20241003,16.4,0.0,22.5,10.8
20241004,17.6,0.0,24.2,11.9
20241005,17.5,0.0,24.4,11.6
20241006,15.4,0.0,17.9,12.3
20241007,16.9,0.0,20.7,14.0
20241008,17.7,0.0,23.9,12.7
20241009,18.8,0.0,24.4,13.9
20241010,18.8,0.0,24.1,15.3
20241011,18.6,0.0,24.4,13.9
20241012,18.3,0.0,24.7,13.4
20241013,18.3,0.0,22.6,12.6
20241014,19.3,0.0,21.5,17.6
20241015,19.2,0.5,21.9,17.6
20241016,18.2,0.0,24.2,14.4
20241017,19.0,0.0,25.7,13.8
20241018,17.4,47.1,18.8,16.2
20241019,16.6,1.0,21.1,12.4
20241020,13.4,0.0,17.8,10.5
20241021,14.8,0.0,19.3,9.7
20241022,15.5,20.6,16.6,14.9
20241023,12.7,2.3,15.5,9.4
20241024,12.5,0.0,18.4,7.1
20241025,14.9,0.0,21.5,8.7
20241026,17.0,0.0,24.0,10.7
20241027,16.0,0.0,18.8,14.0
20241028,15.7,0.0,20.4,12.3
20241029,15.0,0.0,18.3,13.4
20241030,15.7,0.0,21.4,11.4
20241031,15.9,0.0,22.6,11.0
20241101,15.3,0.0,18.7,12.9
20241102,18.1,0.0,25.1,13.0
20241103,17.6,0.0,23.5,13.0
20241104,14.8,0.1,18.3,8.9
20241105,9.1,0.0,14.7,5.6
20241106,7.5,0.0,12.5,4.1
20241107,7.8,0.0,15.7,1.6
20241108,10.2,0.0,18.1,3.1
20241109,12.9,0.0,20.3,6.8
20241110,14.4,0.0,21.0,10.3
20241111,14.6,0.0,21.8,9.7
20241112,14.3,0.0,19.2,11.0
20241113,14.2,0.0,21.3,8.3
20241114,14.8,0.1,16.8,13.2
20241115,17.0,0.0,21.5,13.7
20241116,17.0,6.5,22.6,14.4
20241117,7.0,0.0,14.4,2.1
20241118,2.8,0.0,7.9,-0.7
20241119,5.7,0.0,11.3,0.3
20241120,6.5,0.0,9.6,2.4
20241121,9.7,0.0,14.1,6.0
20241122,6.2,0.0,10.6,3.3
20241123,6.4,0.0,12.6,1.5
20241124,7.4,0.0,14.2,2.6
20241125,10.1,0.0,15.4,3.6
20241126,5.8,26.0,12.7,1.0
20241127,-0.4,22.4,1.2,-1.3
20241128,0.8,4.9,3.4,-1.7
20241129,0.2,0.0,3.4,-3.4
20241130,2.5,0.0,5.6,-0.5
20241201,5.2,0.5,8.2,1.6
20241202,6.4,0.0,13.0,0.6
20241203,1.3,0.0,5.2,-2.4
20241204,3.1,0.0,6.9,-0.6
20241205,3.9,1.8,8.8,-0.1
20241206,2.1,0.0,5.2,-0.4
20241207,0.2,0.0,4.6,-2.5
20241208,-0.2,0.0,4.1,-3.9
20241209,1.0,0.0,7.4,-3.8
20241210,2.6,0.0,6.9,-1.9
20241211,3.0,0.0,8.2,0.2
20241212,0.5,0.0,5.4,-3.2
20241213,1.0,0.0,4.5,-1.5
20241214,-0.8,0.0,2.5,-3.6
20241215,1.2,0.0,5.4,-2.2
20241216,-0.2,0.0,3.9,-3.3
20241217,-0.8,0.0,3.8,-3.5
20241218,-3.4,0.0,0.9,-6.2
20241219,-1.4,0.0,4.9,-6.7
20241220,1.4,0.4,5.3,-2.1
20241221,-0.7,2.9,1.9,-4.7
20241222,-3.4,0.0,1.0,-7.7
20241223,0.3,0.0,6.7,-5.0
20241224,-0.4,0.0,5.1,-4.3
20241225,2.7,0.1,6.5,-1.1
20241226,0.1,0.0,4.2,-4.8
20241227,-2.6,0.0,1.8,-5.9
20241228,-3.0,0.0,1.1,-6.7
20241229,1.1,0.0,6.1,-4.2
20241230,5.5,0.0,10.1,1.9
20241231,0.6,0.0,4.9,-2.0
20250101,2.6,0.0,8.9,-2.5
20250102,0.5,0.0,6.0,-2.9
20250103,-1.1,0.0,3.2,-5.1
20250104,-0.1,0.0,5.7,-5.4
20250105,1.2,6.7,2.5,-0.7
20250106,1.0,3.0,3.4,-3.0
20250107,-2.6,0.1,1.5,-5.7
20250108,-3.4,0.0,0.2,-6.1
20250109,-9.7,0.0,-6.1,-11.6
20250110,-7.3,0.0,-1.7,-12.2
20250111,-5.1,0.0,0.4,-9.5
20250112,-3.4,0.0,2.5,-8.2
20250113,-0.4,1.3,4.1,-5.6
20250114,2.3,0.1,5.2,-1.7
20250115,-3.5,0.0,-0.5,-5.3
20250116,-0.5,0.0,2.8,-4.9
20250117,-0.5,0.0,5.6,-4.9
20250118,1.0,0.0,7.5,-4.0
20250119,3.8,0.0,9.0,-1.2
20250120,3.9,0.0,7.5,0.9
20250121,2.4,0.0,6.3,-1.0
20250122,3.6,0.0,7.7,0.5
20250123,2.0,0.0,7.7,-2.4
20250124,3.1,0.0,10.6,-2.7
20250125,5.2,0.0,11.4,1.2
20250126,4.6,0.0,7.5,1.8
20250127,0.2,5.6,5.1,-2.7
20250128,-3.9,0.1,-2.5,-5.3
20250129,-4.6,0.2,-1.3,-6.4
20250130,-3.8,0.0,-1.0,-7.5
20250131,-0.8,2.4,0.7,-2.6
20250201,1.6,0.0,7.9,-2.0
20250202,1.5,0.0,6.8,-2.5
20250203,-4.1,0.0,0.6,-8.2
20250204,-9.0,0.0,-5.3,-11.5
20250205,-8.6,0.0,-3.7,-11.8
20250206,-5.6,2.3,-0.2,-11.5
20250207,-8.0,0.4,-4.7,-10.7
20250208,-7.9,0.0,-3.4,-11.5
20250209,-4.7,0.0,1.7,-9.6
20250210,-2.6,0.0,2.6,-7.5
20250211,0.5,0.0,7.0,-5.7
20250212,0.5,2.5,2.5,-2.9
20250213,0.2,0.0,6.1,-5.8
20250214,3.7,0.0,10.1,-1.6
20250215,4.1,0.0,7.8,0.4
20250216,4.3,0.0,9.7,0.4
20250217,-0.3,0.0,3.5,-3.4
20250218,-2.3,0.0,2.6,-5.2
20250219,-3.0,0.0,1.2,-5.8
20250220,-2.9,0.0,1.9,-6.5
20250221,-2.5,0.0,2.6,-6.4
20250222,-2.3,0.0,2.7,-5.6
20250223,-3.6,0.0,0.5,-6.5
20250224,-1.3,0.0,4.7,-6.3
20250225,2.1,0.0,6.1,-3.1
20250226,3.7,0.0,9.1,0.7
20250227,5.8,0.0,14.2,-2.0
20250228,7.8,0.0,13.7,3.7
20250301,8.5,0.6,13.0,3.4
20250302,8.3,11.8,15.6,2.2
20250303,3.1,10.4,7.1,1.0
20250304,2.5,4.0,3.4,0.9
20250305,4.8,0.0,9.2,2.3
20250306,4.8,0.0,10.4,-0.4
20250307,5.3,0.0,11.1,0.0
20250308,5.8,0.0,11.2,2.8
20250309,6.9,0.0,13.5,1.2
20250310,8.0,0.0,14.9,2.4
20250311,9.4,0.0,16.6,2.9
20250312,8.5,0.0,11.8,6.7
20250313,8.9,0.0,15.0,3.2
20250314,12.4,0.0,20.1,5.0
20250315,12.6,0.0,17.2,10.0
20250316,4.9,0.8,10.1,1.3
20250317,2.5,0.4,6.8,-1.3
20250318,2.1,9.9,5.6,0.3
20250319,2.4,0.0,7.3,-1.9
20250320,8.2,0.0,15.0,2.2
20250321,11.6,0.0,18.7,7.9
20250322,12.8,0.0,19.9,6.1
20250323,15.2,0.0,24.0,7.1
20250324,15.5,0.0,21.3,11.7
20250325,12.7,0.0,21.4,8.4
20250326,15.5,0.0,23.9,6.0
20250327,13.7,0.3,18.6,7.1
20250328,6.5,0.0,11.8,3.1
20250329,3.3,0.0,6.7,0.6
20250330,3.3,0.0,7.6,-1.8
20250331,7.7,0.0,14.1,1.2
20250401,10.1,0.0,17.0,3.9
20250402,8.9,0.0,14.4,5.2
20250403,9.8,0.0,16.9,3.6
20250404,10.6,0.0,16.4,6.0
20250405,8.0,22.8,9.5,7.5
20250406,10.3,0.0,15.7,6.9
20250407,13.5,0.0,20.1,5.5
20250408,13.8,0.0,18.9,10.7
20250409,12.7,0.8,18.0,8.4
20250410,13.2,0.0,19.1,8.8
20250411,16.2,0.0,24.2,8.1
20250412,12.9,15.4,22.5,1.4
20250413,5.5,4.2,8.2,1.1
20250414,4.4,7.4,6.0,2.6
20250415,8.2,0.0,14.0,2.3
20250416,14.6,0.0,21.9,6.4
20250417,19.7,0.0,24.7,15.8
20250418,18.6,0.0,23.7,15.4
20250419,15.3,9.2,20.0,12.2
20250420,16.7,0.0,24.1,9.5
20250421,20.7,0.0,27.1,14.2
20250422,17.8,34.8,20.4,14.2
20250423,16.8,0.0,22.9,10.9
20250424,14.7,0.0,19.6,10.7
20250425,12.5,0.0,17.8,7.7
20250426,13.8,0.0,20.0,7.2
20250427,14.9,0.0,19.1,10.7
20250428,15.1,0.0,20.2,10.3
20250429,14.8,0.0,21.0,8.2
20250430,18.4,0.0,25.8,10.0
20250501,14.7,21.1,17.6,11.3
20250502,13.4,0.0,18.5,8.2
20250503,11.2,7.3,14.0,9.5
20250504,13.7,0.0,19.9,8.2
20250505,12.1,0.0,15.0,9.3
20250506,14.4,0.0,19.5,8.5
20250507,14.9,0.0,21.1,9.9
20250508,17.4,0.0,24.9,9.7
20250509,15.1,17.6,17.4,14.1
20250510,12.3,14.1,15.3,11.6
20250511,14.7,0.0,20.2,11.4
20250512,17.0,0.0,23.6,9.8
20250513,19.9,0.0,25.8,13.3
20250514,21.0,0.0,26.7,14.1
20250515,19.5,1.1,22.2,16.8
20250516,19.4,51.3,22.0,17.8
20250517,18.3,2.2,24.3,14.7
20250518,15.6,0.0,21.0,11.4
20250519,16.1,1.6,20.9,10.5
20250520,22.2,1.0,27.3,17.4
20250521,25.5,0.0,30.8,22.3
20250522,23.9,0.8,28.5,20.0
20250523,19.4,1.2,22.2,15.4
20250524,15.6,4.3,19.3,13.0
20250525,17.4,0.0,22.6,11.7
20250526,19.7,0.0,26.2,13.0
20250527,20.8,0.0,27.0,14.7
20250528,20.8,0.0,26.9,16.3
20250529,21.2,0.0,27.3,15.3
20250530,22.2,0.0,28.3,16.7
20250531,21.5,0.0,27.0,16.4
20250601,22.6,0.0,29.3,17.0
20250602,21.0,0.0,23.1,19.2
20250603,20.9,0.0,25.3,17.0
20250604,20.5,0.0,25.3,15.2
20250605,21.7,0.0,27.1,15.6
20250606,24.1,0.0,30.0,17.7
20250607,23.7,0.1,28.2,19.8
20250608,25.1,0.6,30.4,21.4
20250609,24.2,0.0,30.2,20.6
20250610,21.7,0.0,25.3,18.8
20250611,22.7,0.0,28.5,15.9
20250612,25.5,0.0,33.1,17.9
20250613,24.0,1.5,29.4,20.1
20250614,25.6,0.0,32.1,20.3
20250615,26.3,11.8,33.2,21.7
20250616,23.0,20.0,25.1,21.8
20250617,24.8,0.0,29.6,21.1
20250618,25.5,0.0,30.9,21.2
20250619,28.1,0.8,34.2,21.1
20250620,24.1,51.1,28.3,22.2
20250621,22.0,0.2,24.2,20.5
20250622,23.3,0.0,28.6,18.1
20250623,26.1,0.0,31.7,19.4
20250624,25.0,2.3,28.0,20.5
20250625,20.9,8.0,22.1,19.5
20250626,22.2,1.1,24.2,19.9
20250627,25.0,0.0,29.3,21.1
20250628,26.2,0.6,28.1,24.5
20250629,27.1,0.0,30.2,24.9
20250630,28.2,0.0,31.2,25.6
20250701,28.6,0.9,31.8,26.2
20250702,28.6,0.0,30.9,26.8
20250703,28.3,0.0,32.0,26.5
20250704,27.2,0.0,30.0,25.7
20250705,28.4,0.0,32.3,26.0
20250706,29.1,0.0,32.8,26.3
20250707,29.1,0.0,33.2,26.7
20250708,31.3,11.8,37.8,26.9
20250709,31.9,0.0,36.0,27.4
20250710,31.4,0.0,36.2,27.3
20250711,30.2,0.0,36.1,24.6
20250712,30.3,0.0,36.5,24.4
20250713,27.7,0.0,31.0,25.6
20250714,24.2,13.6,28.1,21.7
20250715,23.6,4.0,25.9,21.5
20250716,23.3,73.1,24.8,22.2
20250717,23.3,75.5,24.4,22.0
20250718,24.7,16.1,27.2,22.9
20250719,23.9,84.0,25.8,21.9
20250720,27.7,14.8,31.3,25.0
20250721,28.5,0.0,31.6,25.6
20250722,28.8,0.1,32.2,26.6
20250723,28.9,0.0,33.3,25.5
20250724,29.8,0.0,34.1,25.8
20250725,31.1,0.0,36.3,25.6
20250726,32.3,0.0,37.1,27.6
20250727,32.8,0.0,38.0,28.3
20250728,32.2,0.0,36.4,28.8
20250729,32.0,0.0,36.7,27.6
20250730,32.1,0.0,36.3,28.3
20250731,30.9,0.0,34.6,29.3
20250801,31.0,0.0,35.1,27.8
20250802,31.2,0.0,36.2,27.3
20250803,28.8,1.3,32.5,24.0
20250804,28.1,1.9,33.9,23.7
20250805,29.1,0.0,33.5,25.4
20250806,27.1,22.0,29.3,25.8
20250807,28.2,0.0,32.3,25.4
20250808,26.6,6.3,30.2,23.9
20250809,24.9,3.5,26.4,23.1
20250810,27.3,0.0,33.2,21.0
20250811,27.0,0.0,29.5,25.0
20250812,28.6,0.0,34.1,23.3
20250813,25.1,126.7,27.1,22.0
20250814,25.5,47.8,26.9,24.2
20250815,27.1,0.0,30.9,24.4
20250816,28.2,0.0,32.2,25.5
20250817,28.4,0.0,32.0,26.1
20250818,28.9,2.2,32.9,27.0
20250819,29.1,0.0,32.3,26.9
20250820,29.4,0.0,32.8,26.9
20250821,29.8,0.0,34.3,27.4
20250822,29.4,0.0,33.5,26.1
20250823,29.3,0.0,32.2,27.4
20250824,30.2,0.0,34.7,26.9
20250825,28.7,17.1,32.2,26.3
20250826,27.6,5.4,31.8,25.5
20250827,26.7,0.0,30.8,23.6
20250828,28.3,0.0,31.0,24.7
20250829,29.0,32.2,32.8,27.3
20250830,28.4,23.9,31.8,25.8
20250831,28.5,0.0,31.8,25.1
20250901,26.1,20.4,28.2,24.4
20250902,26.0,0.0,30.6,22.0
20250903,27.6,0.0,32.1,22.6
20250904,25.8,44.2,29.8,22.8
20250905,27.9,0.0,33.0,23.5
20250906,26.8,36.1,30.4,25.4
20250907,25.3,0.2,28.3,22.3
20250908,24.4,0.0,29.5,20.6
20250909,23.7,0.0,26.9,21.4
20250910,24.8,0.0,31.5,18.4
20250911,25.8,0.0,31.7,19.9
20250912,23.9,6.8,26.3,21.1
20250913,23.3,63.7,27.6,20.4
20250914,24.8,0.0,29.3,21.5
20250915,25.7,0.0,30.7,20.8
20250916,23.7,17.5,27.1,22.2
20250917,22.7,52.7,24.0,21.2
20250918,22.1,0.0,26.0,19.6
20250919,19.4,13.8,21.4,17.9
20250920,20.0,35.3,23.6,17.5
20250921,21.6,0.0,27.3,17.2
20250922,21.3,0.0,25.1,17.6
20250923,22.7,0.0,26.8,19.2
20250924,22.0,35.2,23.7,20.4
20250925,22.5,0.3,26.4,20.2
20250926,21.7,0.0,27.1,17.8
20250927,22.5,0.0,27.2,17.6
20250928,20.0,44.5,21.9,18.4
20250929,19.6,0.0,23.9,16.6
20250930,19.8,0.0,24.0,17.3
20251001,20.5,0.0,25.6,16.7
20251002,21.4,0.0,25.8,17.3
20251003,21.2,0.8,22.3,19.8
20251004,22.5,0.0,25.0,20.9
20251005,21.4,18.1,22.3,20.6
20251006,17.6,36.8,20.7,15.4
20251007,18.2,7.1,20.0,15.5
20251008,21.9,0.0,28.0,17.2
20251009,20.0,0.0,22.6,16.9
20251010,17.0,49.3,17.7,16.0
20251011,20.3,22.5,23.8,17.3
20251012,19.0,0.1,21.4,17.6
20251013,15.7,25.1,18.3,13.9
20251014,17.9,0.6,20.9,14.4
20251015,20.2,1.5,25.3,16.1
20251016,20.2,1.3,24.8,17.0
20251017,19.9,11.3,24.8,15.6
20251018,15.8,11.2,18.6,14.2
20251019,14.5,0.0,19.2,8.9
20251020,10.0,0.0,16.5,5.3
20251021,9.2,0.0,14.1,4.8
20251022,13.1,0.0,18.6,6.6
20251023,14.9,0.0,19.6,11.8
20251024,15.8,0.0,21.5,11.3
20251025,14.4,0.0,17.7,12.6
20251026,12.2,0.5,13.9,10.6
20251027,8.1,0.0,12.2,3.7
20251028,8.5,0.0,14.4,3.0
20251029,11.4,0.0,18.3,6.2
20251030,12.8,0.0,18.2,7.7
20251031,15.1,0.1,20.7,11.3
20251101,12.9,2.4,17.7,10.5
20251102,8.0,0.2,11.7,3.7
20251103,7.2,0.0,14.7,0.5
20251104,10.2,0.0,16.3,5.5
20251105,11.6,0.0,19.0,5.7
20251106,12.5,0.0,18.8,7.3
20251107,13.9,0.0,19.9,8.3
20251108,14.5,0.0,17.0,12.3
20251109,13.5,0.0,17.6,10.4
20251110,8.3,0.0,12.7,5.4
20251111,8.9,0.0,15.1,3.9
20251112,10.8,0.0,17.7,6.0
20251113,11.1,0.0,17.6,6.7
20251114,9.1,0.0,15.1,4.5
20251115,9.8,0.0,17.5,3.6
20251116,11.6,0.3,18.7,5.5
20251117,3.2,0.0,9.7,-0.7
20251118,1.6,0.0,6.5,-2.0
20251119,3.0,0.0,8.6,-1.6
20251120,7.4,0.0,14.6,1.6
20251121,7.4,0.0,12.5,1.0
20251122,9.6,0.0,15.1,5.4
20251123,10.9,0.0,14.4,6.6
20251124,12.4,0.0,16.8,9.6
20251125,7.4,7.8,9.6,5.3
20251126,6.4,0.0,10.9,3.5
20251127,5.1,10.0,8.7,2.5
20251128,2.3,0.0,7.0,-1.3
20251129,5.7,0.1,9.3,0.3
20251130,12.4,0.0,16.1,9.1
20251201,5.5,0.0,12.2,2.3
20251202,0.1,0.0,3.3,-5.4
20251203,-5.9,0.0,-2.8,-8.1
20251204,-3.2,4.0,3.5,-9.4
20251205,-2.6,0.0,2.5,-6.9
20251206,2.1,0.6,4.5,-2.0
20251207,8.3,0.0,13.4,3.4
20251208,3.4,0.0,7.3,0.8
20251209,2.8,0.0,8.7,-2.4
20251210,4.9,0.0,8.6,0.7
20251211,4.0,12.9,8.4,-1.8
20251212,2.0,0.0,7.0,-3.6
20251213,2.6,9.5,4.5,-0.8
20251214,-0.1,0.1,3.1,-1.5
20251215,0.7,0.0,4.5,-3.5
20251216,3.8,2.1,5.0,2.1
20251217,4.2,0.0,7.6,1.2
20251218,2.3,0.0,8.5,-1.9
20251219,4.9,0.0,9.9,-0.7
20251220,7.3,0.3,10.7,1.0
20251221,-1.1,0.0,2.5,-3.4
20251222,-0.7,0.0,5.1,-5.9
20251223,2.6,10.8,4.3,0.1
20251224,2.8,0.0,6.3,-1.0
20251225,-3.6,0.0,0.0,-8.9
20251226,-8.2,0.0,-4.0,-11.8
20251227,-2.6,0.0,0.5,-8.3
20251228,3.2,0.6,6.1,0.0
20251229,4.9,0.3,9.1,-0.1
20251230,-0.5,0.0,3.8,-3.7
20251231,-5.6,0.0,-1.2,-8.9
20260101,-7.4,0.0,-2.1,-10.5
20260102,-8.0,0.0,-3.8,-11.4
20260103,-4.7,0.0,0.0,-9.8
20260104,0.2,0.0,5.0,-2.7
20260105,-1.9,0.0,1.8,-4.6
20260106,-0.9,0.0,3.9,-7.0
20260107,-0.2,0.0,3.1,-5.3
20260108,-5.1,0.0,-1.1,-8.2
20260109,-0.3,0.0,4.6,-6.7
20260110,2.0,1.7,7.4,-4.7
20260111,-6.7,0.0,-3.6,-9.0
20260112,-3.8,2.7,1.2,-10.2
20260113,-3.3,0.0,1.9,-8.1
20260114,-3.3,0.0,1.5,-9.4
20260115,4.7,0.0,10.2,0.8
20260116,3.6,0.0,9.4,0.9
20260117,0.2,0.0,4.9,-2.8
20260118,0.4,0.0,3.0,-3.7
20260119,-3.9,1.0,1.5,-9.8
20260120,-8.4,0.0,-3.3,-11.8
20260121,-9.7,0.0,-5.2,-12.2
20260122,-9.1,0.0,-4.2,-13.2
20260123,-5.0,2.2,0.2,-11.4
20260124,-5.3,0.0,-1.4,-8.8
20260125,-6.0,0.0,-2.0,-9.3
20260126,-4.2,0.0,-0.3,-8.0
20260127,-4.4,0.0,-0.1,-7.4
20260128,-5.4,0.0,-0.8,-9.4
20260129,-5.2,0.0,-0.3,-8.7
20260130,-6.4,0.0,-1.8,-9.2
20260131,-4.1,0.0,1.7,-9.5
20260201,-2.0,0.0,2.1,-7.1
20260202,-2.1,2.4,1.0,-4.3
20260203,-0.9,0.0,5.6,-7.6
20260204,2.8,0.0,5.7,0.9
20260205,3.6,0.0,10.1,-2.8
20260206,-6.0,0.0,-2.4,-8.3
20260207,-8.1,0.0,-4.0,-10.8
20260208,-8.2,0.0,-3.5,-12.4
20260209,-3.1,0.0,4.4,-10.1
20260210,1.4,0.8,4.8,-2.5
20260211,2.7,0.0,6.9,0.0
20260212,2.8,0.0,8.5,-2.7
20260213,5.3,0.0,7.8,3.5
20260214,7.8,0.0,12.8,4.2
20260215,6.6,0.0,11.6,0.6
20260216,2.4,0.0,8.4,-1.6
20260217,1.7,0.0,8.8,-3.3
20260218,2.4,0.0,7.2,-0.7
20260219,2.1,0.0,8.4,-3.3
20260220,6.3,0.0,13.8,-1.0
20260221,10.7,0.0,18.4,3.7
20260222,8.4,0.0,12.5,0.9
20260223,1.8,0.0,5.7,-1.4
20260224,2.8,0.0,5.9,0.5
20260225,7.4,0.0,16.1,-1.3
20260226,8.3,0.0,13.7,3.1
20260227,9.6,0.0,14.8,6.1
20260228,9.3,0.0,17.2,2.2
20260301,9.1,0.0,12.8,5.7
20260302,4.9,12.2,7.5,2.8
20260303,5.9,1.3,11.8,2.0
20260304,6.0,0.0,12.0,0.7
20260305,6.0,15.5,13.2,1.4
20260306,1.9,0.0,3.8,-0.4
20260307,1.0,0.0,6.2,-2.9
20260308,2.0,0.0,7.4,-3.4
20260309,4.5,0.0,8.1,2.0
20260310,3.9,0.0,10.0,-0.6
20260311,4.5,0.0,10.0,0.1
20260312,7.1,0.0,13.8,0.7
20260313,7.6,0.0,13.6,2.3
20260314,8.1,0.0,13.4,4.9
20260315,7.4,0.1,11.4,4.2
20260316,7.4,0.0,13.8,1.8
20260317,8.8,0.0,15.7,2.3
20260318,6.8,4.8,9.4,4.2
20260319,6.1,0.0,12.9,1.4
20260320,7.5,0.0,13.9,2.5
20260321,8.4,0.0,15.7,2.0
20260322,11.0,0.0,18.6,5.5
20260323,11.9,0.0,20.1,4.5
20260324,12.9,0.0,18.7,8.2
20260325,12.8,0.0,19.7,8.7
20260326,12.1,0.0,19.5,6.6
20260327,11.4,0.0,18.2,5.9
20260328,12.2,0.0,20.5,6.0
20260329,13.6,0.0,20.7,7.5
20260330,16.0,1.8,21.2,11.0
20260331,14.2,8.2,18.7,10.7
20260401,13.3,0.0,18.0,9.3
20260402,11.6,0.0,18.1,6.4
20260403,14.7,0.0,22.3,7.3
20260404,14.3,0.0,21.2,8.5
20260405,11.5,2.1,17.2,7.2
20260406,10.2,1.2,14.0,5.4
20260407,8.2,0.0,14.0,3.3
20260408,10.3,0.0,16.6,3.5
20260409,10.6,18.9,12.3,8.7
20260410,10.3,5.1,12.7,8.8
20260411,10.9,0.0,16.1,8.2
20260412,14.9,0.0,23.8,6.1
20260413,18.7,0.0,27.4,9.7
20260414,20.7,0.0,28.0,14.3
20260415,19.7,0.0,26.4,13.4
20260416,19.8,0.0,27.3,12.8
20260417,17.4,0.0,22.3,13.3
20260418,19.2,0.0,27.3,11.0
20260419,21.6,0.0,29.4,14.5
20260420,13.4,0.8,17.8,9.1
20260421,12.2,0.0,17.9,7.1
20260422,14.2,0.0,20.1,9.8
20260423,17.0,0.0,24.6,10.0
20260424,18.0,0.0,26.9,9.5
20260425,18.2,0.0,26.3,11.3
20260426,17.8,0.0,25.2,11.3
20260427,16.2,1.5,23.0,12.6
20260428,13.3,0.2,16.6,11.4
20260429,14.9,0.0,21.7,8.6
20260430,17.4,0.0,24.4,10.9
20260501,17.8,0.0,24.3,13.6
20260502,17.3,1.4,22.4,12.8
20260503,13.0,14.8,15.5,11.7
20260504,13.7,1.8,19.9,8.1
20260505,14.5,0.0,21.2,8.4
20260506,16.9,0.0,23.8,9.1
20260507,15.4,2.7,20.3,13.0
20260508,15.2,0.0,20.4,9.8
20260509,15.9,0.0,22.7,9.7
20260510,17.1,0.0,24.5,10.0
20260511,16.8,0.9,20.9,12.9
20260512,19.1,18.1,24.5,15.4
20260513,19.7,0.0,26.2,13.4
20260514,23.5,0.0,31.5,15.1
20260515,24.2,0.0,31.3,18.3
20260516,23.1,0.0,29.9,17.5
20260517,22.6,0.0,29.4,16.2
20260518,23.0,0.0,30.1,15.7
20260519,22.1,0.0,25.5,19.8
20260520,16.9,63.1,21.8,14.8
20260521,17.0,14.0,20.2,14.7
20260522,20.6,0.0,27.0,15.1
20260523,19.2,0.0,24.7,16.0
20260524,22.1,0.0,29.2,14.8
20260525,24.4,0.0,29.8,17.9
20260526,24.9,0.6,29.0,21.8
20260527,22.3,2.5,25.1,20.1
20260528,20.9,3.5,26.5,17.6
20260529,21.5,0.0,26.9,16.6
