id,날짜,작물분류,품목명,평균가,평균기온,강수량,월,전년도가격,7일평균가,30일평균가,전일가격,가격변화율,7일내_폭염발생,환절기여부,봄_환절기여부,7일누적강수량
2897,2023-03-29,딸기,딸기 죽향,47389.0,11.8,0.0,3,72900.0,50647.57142857143,63768.4,50298.0,-0.05783530160244943,0,0,1,0.0
2898,2023-03-30,딸기,딸기 죽향,51248.0,13.3,0.0,3,70000.0,50762.42857142857,62250.6,47389.0,0.08143239992403295,0,0,1,0.0
2899,2023-03-31,딸기,딸기 죽향,54181.0,15.0,0.0,3,70000.0,51315.42857142857,61280.433333333334,51248.0,0.05723150171714009,0,0,1,0.0
2900,2023-04-01,딸기,딸기 죽향,56053.0,17.5,0.0,4,65000.0,51746.857142857145,60493.03333333333,54181.0,0.03455085731160379,0,0,1,0.0
2901,2023-04-03,딸기,딸기 죽향,48522.0,19.0,0.0,4,80750.0,50922.71428571428,59683.76666666667,56053.0,-0.13435498546018942,0,0,1,0.0
2902,2023-04-04,딸기,딸기 죽향,47528.0,17.6,6.9,4,72000.0,50745.57142857143,58864.566666666666,48522.0,-0.02048555294505583,0,0,1,6.9
2903,2023-04-05,딸기,딸기 죽향,44217.0,11.9,50.3,4,70500.0,49876.857142857145,57872.13333333333,47528.0,-0.0696641979464736,0,0,1,57.199999999999996
2904,2023-04-06,딸기,딸기 죽향,44205.0,8.8,2.7,4,64167.0,49422.0,56991.03333333333,44217.0,-0.0002713888323495617,0,0,1,59.9
2905,2023-04-07,딸기,딸기 죽향,46152.0,8.9,0.0,4,89455.0,48694.0,56098.833333333336,44205.0,0.04404479131319983,0,0,1,59.9
2906,2023-04-08,딸기,딸기 죽향,50816.0,8.8,0.0,4,71000.0,48213.28571428572,55603.6,46152.0,0.10105737562835837,0,0,1,59.9
2907,2023-04-10,딸기,딸기 죽향,47813.0,13.2,0.0,4,88067.0,47036.142857142855,55082.46666666667,50816.0,-0.059095560453400475,0,0,1,59.9
2908,2023-04-11,딸기,딸기 죽향,45409.0,13.1,2.9,4,82808.0,46591.42857142857,54530.7,47813.0,-0.05027921276640246,0,0,1,62.8
2909,2023-04-12,딸기,딸기 죽향,48014.0,10.1,0.0,4,73552.0,46660.857142857145,54048.73333333333,45409.0,0.05736748221718169,0,0,1,55.9
2910,2023-04-13,딸기,딸기 죽향,51752.0,11.9,0.0,4,48286.0,47737.28571428572,53721.5,48014.0,0.07785229308118469,0,0,1,5.6
2911,2023-04-14,딸기,딸기 죽향,53120.0,16.2,0.0,4,69594.0,49010.857142857145,53294.96666666667,51752.0,0.026433761014067025,0,0,1,2.9
2912,2023-04-15,딸기,딸기 죽향,53339.0,13.5,4.6,4,68000.0,50037.57142857143,53098.4,53120.0,0.0041227409638553425,0,0,1,7.5
2913,2023-04-17,딸기,딸기 죽향,45805.0,13.1,0.0,4,65075.0,49321.71428571428,52600.933333333334,53339.0,-0.14124749245392676,0,0,1,7.5
2914,2023-04-18,딸기,딸기 죽향,43523.0,14.0,1.5,4,60568.0,48708.857142857145,52040.4,45805.0,-0.049819888658443445,0,0,1,9.0
2915,2023-04-19,딸기,딸기 죽향,44057.0,19.1,0.0,4,68333.0,48515.71428571428,51221.666666666664,43523.0,0.012269374813317135,0,0,1,6.1
2916,2023-04-20,딸기,딸기 죽향,43706.0,15.8,0.5,4,54875.0,47900.28571428572,50392.933333333334,44057.0,-0.00796695190321628,0,0,1,6.6
2917,2023-04-21,딸기,딸기 죽향,41938.0,16.7,0.0,4,69236.0,46498.28571428572,49635.433333333334,43706.0,-0.04045211183819153,0,0,1,6.6
2918,2023-04-22,딸기,딸기 죽향,43073.0,16.9,0.0,4,66611.0,45063.0,49004.2,41938.0,0.027063760789737268,0,0,1,6.6
2919,2023-04-24,딸기,딸기 죽향,41593.0,15.8,0.0,4,65395.0,43385.0,48507.3,43073.0,-0.03436027209620873,0,0,1,2.0
2920,2023-04-25,딸기,딸기 죽향,46248.0,10.9,0.4,4,69960.0,43448.28571428572,48228.166666666664,41593.0,0.11191787079556659,0,0,1,2.4
2921,2023-04-26,딸기,딸기 죽향,50252.0,10.2,0.0,4,71125.0,44409.57142857143,48221.76666666667,46248.0,0.0865767168309981,0,0,1,0.9
2922,2023-04-27,딸기,딸기 죽향,62500.0,12.9,0.0,4,72313.0,47044.28571428572,48628.1,50252.0,0.24373159277242706,0,0,1,0.9
2923,2023-04-28,딸기,딸기 죽향,74620.0,15.7,1.9,4,75667.0,51460.57142857143,49347.666666666664,62500.0,0.1939200000000001,0,0,1,2.3
2924,2023-04-29,딸기,딸기 죽향,67851.0,13.2,25.1,4,71594.0,55162.42857142857,49799.666666666664,74620.0,-0.09071294559099441,0,0,1,27.400000000000002
2925,2023-05-01,딸기,딸기 죽향,65791.0,14.6,0.0,5,78247.0,58407.857142857145,50367.1,67851.0,-0.030360643174013657,0,0,0,27.400000000000002
2926,2023-05-02,딸기,딸기 죽향,58528.0,16.7,0.0,5,72051.0,60827.142857142855,50641.433333333334,65791.0,-0.11039503883509905,0,0,0,27.400000000000002
2927,2023-05-03,딸기,딸기 죽향,67324.0,19.5,0.0,5,71253.0,63838.0,51305.933333333334,58528.0,0.15028704209950794,0,0,0,27.000000000000004
2928,2023-05-04,딸기,딸기 죽향,63182.0,21.4,0.0,5,75197.0,65685.14285714286,51703.73333333333,67324.0,-0.06152337947834352,0,0,0,27.000000000000004
2929,2023-05-05,딸기,딸기 죽향,65655.0,18.4,30.2,5,76038.0,66135.85714285714,52086.2,63182.0,0.03914089455857672,0,0,0,57.2
2930,2023-05-06,딸기,딸기 죽향,67752.0,12.6,47.5,5,75075.0,65154.71428571428,52476.166666666664,65655.0,0.031939684715558636,0,0,0,102.80000000000001
2931,2023-05-08,딸기,딸기 죽향,65808.0,15.3,0.0,5,60000.0,64862.857142857145,53052.36666666667,67752.0,-0.028692879914984037,0,0,0,77.69999999999999
2932,2023-05-09,딸기,딸기 죽향,58789.0,17.0,0.0,5,46785.0,63862.57142857143,53427.73333333333,65808.0,-0.10665876489180648,0,0,0,77.69999999999999
2933,2023-05-10,딸기,딸기 죽향,56157.0,18.4,0.0,5,51000.0,63523.857142857145,53825.73333333333,58789.0,-0.044770280154450615,0,0,0,77.69999999999999
2934,2023-05-11,딸기,딸기 죽향,51431.0,19.5,0.0,5,58431.0,61253.42857142857,54066.6,56157.0,-0.08415691721423868,0,0,0,77.69999999999999
2935,2023-05-12,딸기,딸기 죽향,55081.0,18.4,0.0,5,60085.0,60096.142857142855,54364.23333333333,51431.0,0.07096887091442894,0,0,0,77.69999999999999
2936,2023-05-13,딸기,딸기 죽향,48415.0,17.8,0.0,5,64871.0,57633.28571428572,54284.2,55081.0,-0.12102176794175845,0,0,0,47.5
2937,2023-05-15,딸기,딸기 죽향,43933.0,20.6,0.0,5,56638.0,54230.57142857143,54154.86666666667,48415.0,-0.09257461530517397,0,0,0,0.0
2938,2023-05-16,딸기,딸기 죽향,40286.0,24.0,0.0,5,54466.0,50584.57142857143,53984.1,43933.0,-0.08301276944438118,0,0,0,0.0
2939,2023-05-17,딸기,딸기 죽향,41383.0,23.5,0.0,5,55979.0,48098.0,53763.066666666666,40286.0,0.027230303331182037,0,0,0,0.0
2940,2023-05-18,딸기,딸기 죽향,43500.0,21.2,1.3,5,59000.0,46289.857142857145,53488.0,41383.0,0.051156271899089,0,0,0,1.3
2941,2023-05-19,딸기,딸기 죽향,41431.0,22.3,0.0,5,64179.0,44861.28571428572,53098.36666666667,43500.0,-0.047563218390804574,0,0,0,1.3
2942,2023-05-20,딸기,딸기 죽향,38709.0,21.2,0.0,5,72750.0,42522.42857142857,52610.7,41431.0,-0.06569959692018057,0,0,0,1.3
2943,2023-05-22,딸기,딸기 죽향,31385.0,20.3,0.0,5,65288.0,40089.57142857143,52130.03333333333,38709.0,-0.18920664444961122,0,0,0,1.3
2944,2023-05-23,딸기,딸기 죽향,34724.0,20.5,0.0,5,58217.0,38774.0,51836.73333333333,31385.0,0.10638840210291534,0,0,0,1.3
2945,2023-05-24,딸기,딸기 죽향,30143.0,20.6,0.0,5,61096.0,37325.0,51372.933333333334,34724.0,-0.13192604538647623,0,0,0,1.3
2946,2023-05-25,딸기,딸기 죽향,30143.0,21.2,0.0,5,61762.0,35719.28571428572,50920.833333333336,30143.0,0.0,0,0,0,1.3
2947,2023-05-26,딸기,딸기 죽향,33941.0,21.4,0.5,5,64351.0,34353.71428571428,50654.26666666667,30143.0,0.12599940284643196,0,0,0,0.5
2948,2023-05-27,딸기,딸기 죽향,31214.0,19.3,31.8,5,55564.0,32894.142857142855,50258.96666666667,33941.0,-0.08034530508824134,0,0,0,32.3
2949,2023-05-29,딸기,딸기 죽향,26000.0,23.2,2.3,5,49351.0,31078.571428571428,49739.2,31214.0,-0.16704043057602358,0,0,0,34.6
2950,2023-05-30,딸기,딸기 죽향,26000.0,24.0,0.0,5,46887.0,30309.285714285714,49064.26666666667,26000.0,0.0,0,0,0,34.6
2951,2023-05-31,딸기,딸기 죽향,26000.0,22.8,0.0,5,46279.0,29063.0,48255.86666666667,26000.0,0.0,0,0,0,34.6
2952,2023-06-01,딸기,딸기 죽향,26000.0,22.8,0.0,6,48943.0,28471.14285714286,47039.2,26000.0,0.0,0,0,0,34.6
2953,2023-06-02,딸기,딸기 죽향,26000.0,20.4,0.0,6,47953.0,27879.285714285714,45418.53333333333,26000.0,0.0,0,0,0,34.6
2954,2023-06-03,딸기,딸기 죽향,26000.0,22.0,0.0,6,47083.0,26744.85714285714,44023.5,26000.0,0.0,0,0,0,34.1
2955,2023-06-05,딸기,딸기 죽향,26000.0,21.5,0.0,6,45986.0,26000.0,42697.13333333333,26000.0,0.0,0,0,0,2.3
2956,2023-06-06,딸기,딸기 죽향,26000.0,20.3,0.0,6,44965.0,26000.0,41612.86666666667,26000.0,0.0,0,0,0,0.0
2957,2023-06-07,딸기,딸기 죽향,26000.0,21.4,0.0,6,44313.0,26000.0,40235.4,26000.0,0.0,0,0,0,0.0
2958,2023-06-08,딸기,딸기 죽향,26000.0,20.4,1.9,6,40394.0,26000.0,38996.0,26000.0,0.0,0,0,0,1.9
2959,2023-06-09,딸기,딸기 죽향,26000.0,23.3,1.2,6,42259.0,26000.0,37674.166666666664,26000.0,0.0,0,0,0,3.0999999999999996
2960,2023-06-10,딸기,딸기 죽향,26000.0,23.2,0.8,6,43328.0,26000.0,36282.433333333334,26000.0,0.0,0,0,0,3.9
2961,2023-06-12,딸기,딸기 죽향,26000.0,22.2,0.0,6,43442.0,26000.0,34955.5,26000.0,0.0,0,0,0,3.9
2962,2023-06-13,딸기,딸기 죽향,26000.0,22.0,0.0,6,45705.0,26000.0,33862.53333333333,26000.0,0.0,0,0,0,3.9
2963,2023-06-14,딸기,딸기 죽향,26000.0,20.6,30.6,6,43602.0,26000.0,32857.3,26000.0,0.0,0,0,0,34.5
2964,2023-06-15,딸기,딸기 죽향,26000.0,22.7,0.0,6,45065.0,26000.0,32009.6,26000.0,0.0,0,0,0,34.5
2965,2023-12-12,딸기,딸기 죽향,133000.0,5.4,0.4,12,45599.0,41285.71428571428,34606.9,26000.0,4.115384615384615,0,0,0,33.0
2966,2023-12-13,딸기,딸기 죽향,133000.0,6.8,0.0,12,44804.0,56571.42857142857,37426.4,133000.0,0.0,0,0,0,31.799999999999997
2967,2023-12-14,딸기,딸기 죽향,133000.0,7.6,17.0,12,39870.0,71857.14285714286,40395.3,133000.0,0.0,0,0,0,48.0
2968,2023-12-15,딸기,딸기 죽향,108000.0,4.9,31.1,12,45781.0,83571.42857142857,42652.433333333334,133000.0,-0.18796992481203012,0,0,0,79.1
2969,2023-12-16,딸기,딸기 죽향,108000.0,-4.1,1.5,12,37844.0,95285.71428571429,44873.0,108000.0,0.0,0,0,0,80.6
2970,2023-12-18,딸기,딸기 죽향,108000.0,-7.7,0.0,12,39273.0,107000.0,47023.0,108000.0,0.0,0,0,0,50.0
2971,2023-12-19,딸기,딸기 죽향,108000.0,-3.7,0.3,12,39498.0,118714.28571428571,49241.96666666667,108000.0,0.0,0,0,0,50.3
2972,2023-12-20,딸기,딸기 죽향,108000.0,-7.4,0.8,12,39572.0,115142.85714285714,51551.666666666664,108000.0,0.0,0,0,0,50.7
2973,2023-12-21,딸기,딸기 죽향,108000.0,-11.7,0.0,12,37641.0,111571.42857142857,54105.5,108000.0,0.0,0,0,0,50.7
2974,2023-12-22,딸기,딸기 죽향,155000.0,-11.6,0.0,12,37869.0,114714.28571428571,58114.7,108000.0,0.4351851851851851,0,0,0,33.7
2975,2023-12-23,딸기,딸기 죽향,155000.0,-6.8,0.0,12,39059.0,121428.57142857143,62276.6,155000.0,0.0,0,0,0,2.6
2976,2023-12-25,딸기,딸기 죽향,168000.0,-0.7,0.7,12,42884.0,130000.0,66871.83333333333,155000.0,0.08387096774193559,0,0,0,1.8
2977,2023-12-26,딸기,딸기 죽향,168000.0,1.9,0.0,12,43625.0,138571.42857142858,71340.46666666666,168000.0,0.0,0,0,0,1.8
2978,2023-12-27,딸기,딸기 죽향,130000.0,1.5,0.0,12,52734.0,141714.2857142857,74633.33333333333,168000.0,-0.22619047619047616,0,0,0,1.5
2979,2023-12-28,딸기,딸기 죽향,130000.0,1.2,0.0,12,47996.0,144857.14285714287,78100.0,130000.0,0.0,0,0,0,0.7
2980,2023-12-29,딸기,딸기 죽향,150833.0,1.3,0.0,12,42097.0,150976.14285714287,82261.1,130000.0,0.16025384615384608,0,0,0,0.7
2981,2023-12-30,딸기,딸기 죽향,149500.0,0.6,13.1,12,43302.0,150190.42857142858,86377.76666666666,150833.0,-0.008837588591355972,0,0,0,13.799999999999999
2982,2024-01-03,딸기,딸기 죽향,129818.0,1.8,0.6,1,45940.0,146593.0,89838.36666666667,149500.0,-0.1316521739130435,0,0,0,14.399999999999999
2983,2024-01-04,딸기,딸기 죽향,80000.0,1.4,0.0,1,48502.0,134021.57142857142,91638.36666666667,129818.0,-0.3837526383090173,0,0,0,13.7
2984,2024-01-05,딸기,딸기 죽향,99600.0,5.0,0.0,1,51784.0,124250.14285714286,94091.7,80000.0,0.2450000000000001,0,0,0,13.7
2985,2024-01-06,딸기,딸기 죽향,60000.0,0.7,2.4,1,40280.0,114250.14285714286,95225.03333333334,99600.0,-0.3975903614457831,0,0,0,16.1
2986,2024-01-08,딸기,딸기 죽향,110893.0,-4.7,0.0,1,40364.0,111520.57142857143,98054.8,60000.0,0.8482166666666666,0,0,0,16.1
2987,2024-01-09,딸기,딸기 죽향,65538.0,-0.6,1.6,1,42863.0,99335.57142857143,99372.73333333334,110893.0,-0.40899786280468564,0,0,0,17.7
2988,2024-01-10,딸기,딸기 죽향,86083.0,-1.0,0.0,1,43346.0,90276.0,101375.5,65538.0,0.3134822545698679,0,0,0,4.6
2989,2024-01-11,딸기,딸기 죽향,80000.0,1.7,0.0,1,43353.0,83159.14285714286,103175.5,86083.0,-0.07066435881649102,0,0,0,4.0
2990,2024-01-12,딸기,딸기 죽향,141417.0,0.9,0.0,1,49884.0,91933.0,107022.73333333334,80000.0,0.7677125,0,0,0,4.0
2991,2024-01-13,딸기,딸기 죽향,90150.0,0.4,0.0,1,40590.0,90583.0,109161.06666666667,141417.0,-0.36252360041579157,0,0,0,4.0
2992,2024-01-15,딸기,딸기 죽향,116763.0,-3.7,0.0,1,38117.0,98692.0,112186.5,90150.0,0.29520798668885195,0,0,0,1.6
2993,2024-01-16,딸기,딸기 죽향,85524.0,-2.1,0.0,1,37247.0,95067.85714285714,114170.63333333333,116763.0,-0.26754194393772,0,0,0,1.6
2994,2024-01-17,딸기,딸기 죽향,129458.0,0.6,9.7,1,47017.0,104199.28571428571,117619.23333333334,85524.0,0.5137037556709227,0,0,0,9.7
2995,2024-01-18,딸기,딸기 죽향,72000.0,4.5,0.5,1,53044.0,102187.42857142857,115585.9,129458.0,-0.4438350661990762,0,0,0,10.2
2996,2024-01-19,딸기,딸기 죽향,117646.0,5.4,0.0,1,71988.0,107565.42857142857,115074.1,72000.0,0.6339722222222222,0,0,0,10.2
2997,2024-01-20,딸기,딸기 죽향,82520.0,3.4,0.4,1,55539.0,99151.57142857143,113391.43333333333,117646.0,-0.29857368716318444,0,0,0,10.6
2998,2024-01-22,딸기,딸기 죽향,115581.0,-8.7,0.2,1,52803.0,102784.57142857143,113644.13333333333,82520.0,0.40064226854095986,0,0,0,10.799999999999999
2999,2024-01-23,딸기,딸기 죽향,107105.0,-11.7,0.0,1,47873.0,101404.85714285714,113614.3,115581.0,-0.07333385244979707,0,0,0,10.799999999999999
3000,2024-01-24,딸기,딸기 죽향,108690.0,-8.0,0.0,1,55316.0,104714.28571428571,113637.3,107105.0,0.014798562158629291,0,0,0,10.799999999999999
3001,2024-01-25,딸기,딸기 죽향,83000.0,-5.3,0.0,1,58128.0,98077.42857142857,112803.96666666666,108690.0,-0.23636029073511822,0,0,0,1.1
3002,2024-01-26,딸기,딸기 죽향,109000.0,-1.7,0.0,1,52944.0,103363.14285714286,112837.3,83000.0,0.31325301204819267,0,0,0,0.6000000000000001
3003,2024-01-27,딸기,딸기 죽향,85750.0,-0.5,0.0,1,45636.0,98806.57142857143,112095.63333333333,109000.0,-0.21330275229357798,0,0,0,0.6000000000000001
3004,2024-01-29,딸기,딸기 죽향,109169.0,-0.4,0.0,1,42225.0,102613.57142857143,110567.93333333333,85750.0,0.2731078717201165,0,0,0,0.2
3005,2024-01-30,딸기,딸기 죽향,78560.0,1.4,0.0,1,37621.0,97324.85714285714,108019.93333333333,109169.0,-0.2803817933662487,0,0,0,0.0
3006,2024-01-31,딸기,딸기 죽향,120892.0,4.7,0.0,1,38277.0,99294.42857142857,106449.66666666667,78560.0,0.5388492871690427,0,0,0,0.0
3007,2024-02-01,딸기,딸기 죽향,83417.0,2.4,0.0,2,37119.0,95684.0,103630.23333333334,120892.0,-0.30998742679416336,0,0,0,0.0
3008,2024-02-02,딸기,딸기 죽향,128493.0,3.1,0.0,2,36206.0,102183.0,103580.0,83417.0,0.5403694690530707,0,0,0,0.0
3009,2024-02-03,딸기,딸기 죽향,123500.0,4.7,0.0,2,28013.0,104254.42857142857,103363.33333333333,128493.0,-0.03885814791467235,0,0,0,0.0
3010,2024-02-05,딸기,딸기 죽향,125070.0,2.7,3.9,2,29745.0,109871.57142857143,102504.56666666667,123500.0,0.012712550607287376,0,0,0,3.9
3011,2024-02-06,딸기,딸기 죽향,72500.0,1.2,0.2,2,31247.0,104633.14285714286,99937.9,125070.0,-0.4203246182138003,0,0,0,4.1
3012,2024-02-07,딸기,딸기 죽향,138400.0,0.6,0.0,2,31852.0,113181.71428571429,100223.96666666666,72500.0,0.9089655172413793,0,0,0,4.1
3013,2024-02-08,딸기,딸기 죽향,179692.0,0.6,0.0,2,33107.0,121581.71428571429,103547.03333333334,138400.0,0.2983526011560693,0,0,0,4.1
3014,2024-02-09,딸기,딸기 죽향,105551.0,1.1,0.0,2,33313.0,124743.71428571429,103745.4,179692.0,-0.4126004496583042,0,0,0,4.1
3015,2024-02-13,딸기,딸기 죽향,89908.0,8.2,0.0,2,33815.0,119231.57142857143,104742.33333333333,105551.0,-0.14820323824501902,0,0,0,4.1
3016,2024-02-14,딸기,딸기 죽향,85288.0,12.9,0.0,2,31675.0,113772.71428571429,103888.83333333333,89908.0,-0.05138586110246024,0,0,0,4.1
3017,2024-02-15,딸기,딸기 죽향,92585.0,4.5,10.9,2,28667.0,109132.0,104790.4,85288.0,0.08555717099709215,0,0,0,11.1
3018,2024-02-16,딸기,딸기 죽향,90025.0,2.3,0.0,2,27607.0,111635.57142857143,104921.8,92585.0,-0.02765026732192044,0,0,0,10.9
3019,2024-02-17,딸기,딸기 죽향,81435.0,4.4,0.0,2,28179.0,103497.71428571429,104969.63333333333,90025.0,-0.09541793946126076,0,0,0,10.9
3020,2024-02-19,딸기,딸기 죽향,90475.0,9.1,8.9,2,29967.0,90752.42857142857,103271.56666666667,81435.0,0.11100878000859571,0,0,0,19.8
3021,2024-02-20,딸기,딸기 죽향,83582.0,4.3,2.6,2,24143.0,87614.0,103052.63333333333,90475.0,-0.07618679193147282,0,0,0,22.400000000000002
3022,2024-02-21,딸기,딸기 죽향,80741.0,1.9,17.8,2,26167.0,86304.42857142857,101851.9,83582.0,-0.0339905721327558,0,0,0,40.2
3023,2024-02-22,딸기,딸기 죽향,51167.0,0.2,8.8,2,26167.0,81430.0,100706.66666666667,80741.0,-0.366282310102674,0,0,0,49.0
3024,2024-02-23,딸기,딸기 죽향,96246.0,1.8,0.4,2,26167.0,81953.0,99599.6,51167.0,0.8810170617780992,0,0,0,38.50000000000001
3025,2024-02-24,딸기,딸기 죽향,128905.0,2.0,2.3,2,26167.0,87507.28571428571,101496.43333333333,96246.0,0.339328387673254,0,0,0,40.800000000000004
3026,2024-02-26,딸기,딸기 죽향,120284.0,3.8,0.0,2,26167.0,93057.14285714286,101584.36666666667,128905.0,-0.06687870912687643,0,0,0,40.800000000000004
3027,2024-02-27,딸기,딸기 죽향,106800.0,5.3,0.0,2,26167.0,95389.28571428571,102393.7,120284.0,-0.11210136011439598,0,0,0,31.900000000000002
3028,2024-02-28,딸기,딸기 죽향,93724.0,6.4,0.0,2,26167.0,96838.14285714286,101665.13333333333,106800.0,-0.12243445692883892,0,0,0,29.3
3029,2024-02-29,딸기,딸기 죽향,103080.0,4.8,0.0,2,26167.0,100029.42857142857,101530.96666666666,93724.0,0.09982501813836375,0,0,0,11.5
3030,2024-03-01,딸기,딸기 죽향,99372.0,-4.1,0.0,3,26167.0,106915.85714285714,101220.36666666667,103080.0,-0.03597206053550639,0,0,1,2.6999999999999997
3031,2024-03-02,딸기,딸기 죽향,99372.0,-0.5,0.0,3,26167.0,107362.42857142857,101766.1,99372.0,0.0,0,0,1,2.3
3032,2024-03-04,딸기,딸기 죽향,97927.0,5.4,0.0,3,26167.0,102937.0,101397.0,99372.0,-0.014541319486374382,0,0,1,0.0
3033,2024-03-05,딸기,딸기 죽향,97059.0,8.0,0.0,3,85000.0,99619.14285714286,101773.96666666666,97927.0,-0.008863745443034143,0,0,1,0.0
3034,2024-03-06,딸기,딸기 죽향,98854.0,6.2,0.0,3,89000.0,98484.0,101430.13333333333,97059.0,0.01849390576865617,0,0,1,0.0
3035,2024-03-07,딸기,딸기 죽향,101158.0,3.9,2.1,3,89000.0,99546.0,102183.4,98854.0,0.023307099358650163,0,0,1,2.1
3036,2024-03-08,딸기,딸기 죽향,101411.0,2.1,0.0,3,95000.0,99307.57142857143,101534.03333333334,101158.0,0.0025010379801893023,0,0,1,2.1
3037,2024-03-09,딸기,딸기 죽향,84453.0,2.0,0.0,3,95000.0,97176.28571428571,101568.56666666667,101411.0,-0.16722051848418806,0,0,1,2.1
3038,2024-03-11,딸기,딸기 죽향,83631.0,6.2,0.0,3,95000.0,94927.57142857143,100073.16666666667,84453.0,-0.00973322439700186,0,0,1,2.1
3039,2024-03-12,딸기,딸기 죽향,73044.0,6.6,2.1,3,101000.0,91372.85714285714,98391.3,83631.0,-0.12659181404024822,0,0,1,4.2
3040,2024-03-13,딸기,딸기 죽향,88227.0,6.5,0.0,3,95000.0,90111.14285714286,97163.2,73044.0,0.20786101527846235,0,0,1,4.2
3041,2024-03-14,딸기,딸기 죽향,103833.0,8.5,0.0,3,95000.0,90822.42857142857,98207.63333333333,88227.0,0.17688462715495246,0,0,1,4.2
3042,2024-03-15,딸기,딸기 죽향,96628.0,8.9,0.0,3,90000.0,90175.28571428571,96815.23333333334,103833.0,-0.06939027091579753,0,0,1,2.1
3043,2024-03-16,딸기,딸기 죽향,81320.0,10.9,0.0,3,90000.0,87305.14285714286,93536.16666666667,96628.0,-0.1584219894854494,0,0,1,2.1
3044,2024-03-18,딸기,딸기 죽향,67955.0,7.1,0.0,3,95000.0,84948.28571428571,92282.96666666666,81320.0,-0.16435071323167727,0,0,1,2.1
3045,2024-03-19,딸기,딸기 죽향,63742.0,6.7,0.2,3,87091.0,82107.0,91410.76666666666,67955.0,-0.061996909719667426,0,0,1,2.3000000000000003
3046,2024-03-20,딸기,딸기 죽향,61734.0,4.4,0.0,3,87091.0,80491.28571428571,90625.63333333333,63742.0,-0.03150199240689022,0,0,1,0.2
3047,2024-03-21,딸기,딸기 죽향,65292.0,5.0,0.0,3,95000.0,77214.85714285714,89715.86666666667,61734.0,0.05763436679949452,0,0,1,0.2
3048,2024-03-22,딸기,딸기 죽향,60948.0,10.4,5.4,3,88667.0,71088.42857142857,88746.63333333333,65292.0,-0.06653188752067629,0,0,1,5.6000000000000005
3049,2024-03-23,딸기,딸기 죽향,60456.0,13.0,0.1,3,98000.0,65921.0,88047.33333333333,60948.0,-0.008072455207718043,0,0,1,5.7
3050,2024-03-25,딸기,딸기 죽향,53793.0,10.6,5.1,3,86500.0,61988.57142857143,86824.6,60456.0,-0.11021238586740767,0,0,1,10.8
3051,2024-03-26,딸기,딸기 죽향,52824.0,7.4,11.5,3,90294.0,59827.0,85799.33333333333,53793.0,-0.018013496179800303,0,0,1,22.3
3052,2024-03-27,딸기,딸기 죽향,58392.0,10.4,0.0,3,65000.0,59062.71428571428,85054.36666666667,52824.0,0.105406633348478,0,0,1,22.1
3053,2024-03-28,딸기,딸기 죽향,66842.0,10.3,1.9,3,95000.0,59792.42857142857,85576.86666666667,58392.0,0.14471160432936014,0,0,1,24.0
3054,2024-03-29,딸기,딸기 죽향,68799.0,7.6,1.4,3,100000.0,60293.42857142857,84661.96666666666,66842.0,0.029277998862990318,0,0,1,25.400000000000002
3055,2024-03-30,딸기,딸기 죽향,71888.0,8.8,0.0,3,96316.0,61856.28571428572,82761.4,68799.0,0.0448989084143665,0,0,1,20.0
3056,2024-04-01,딸기,딸기 죽향,66462.0,12.2,0.0,4,96679.0,62714.28571428572,80967.33333333333,71888.0,-0.07547852214555972,0,0,1,19.900000000000002
3057,2024-04-02,딸기,딸기 죽향,61058.0,15.4,0.0,4,93103.0,63752.142857142855,79442.6,66462.0,-0.08130962053504254,0,0,1,14.8
3058,2024-04-03,딸기,딸기 죽향,58447.0,16.6,0.0,4,78571.0,64555.42857142857,78266.7,61058.0,-0.04276261914900581,0,0,1,3.3
3059,2024-04-04,딸기,딸기 죽향,61262.0,15.5,0.0,4,95455.0,64965.42857142857,76872.76666666666,58447.0,0.048163293240029326,0,0,1,3.3
3060,2024-04-05,딸기,딸기 죽향,55308.0,14.0,0.0,4,88667.0,63317.71428571428,75403.96666666666,61262.0,-0.09718912213117425,0,0,1,1.4
3061,2024-04-06,딸기,딸기 죽향,60913.0,12.7,0.0,4,91368.0,62191.142857142855,74122.0,55308.0,0.10134157807188826,0,0,1,0.0
3062,2024-04-08,딸기,딸기 죽향,51631.0,16.2,0.0,4,89146.0,59297.28571428572,72578.8,60913.0,-0.15238126508298722,0,0,1,0.0
3063,2024-04-09,딸기,딸기 죽향,51563.0,15.3,0.0,4,90778.0,57168.857142857145,71062.26666666666,51631.0,-0.0013170382134763958,0,0,1,0.0
3064,2024-04-10,딸기,딸기 죽향,46103.0,13.8,0.0,4,69684.0,55032.42857142857,69303.9,51563.0,-0.10588988227992946,0,0,1,0.0
3065,2024-04-11,딸기,딸기 죽향,50716.0,15.5,0.0,4,88063.0,53928.0,67622.5,46103.0,0.10005856451857786,0,0,1,0.0
3066,2024-04-12,딸기,딸기 죽향,52881.0,17.2,0.0,4,72091.0,52730.71428571428,66004.83333333333,50716.0,0.04268869784683327,0,0,1,0.0
3067,2024-04-13,딸기,딸기 죽향,58175.0,19.1,0.0,4,95059.0,53140.28571428572,65128.9,52881.0,0.10011157126378101,0,0,1,0.0
3068,2024-04-15,딸기,딸기 죽향,47806.0,16.0,17.1,4,88000.0,51267.857142857145,63934.73333333333,58175.0,-0.17823807477438758,0,0,1,17.1
3069,2024-04-16,딸기,딸기 죽향,49905.0,13.3,2.3,4,70295.0,51021.28571428572,63163.433333333334,47806.0,0.043906622599673595,0,0,1,19.400000000000002
3070,2024-04-17,딸기,딸기 죽향,50633.0,15.0,0.0,4,69636.0,50888.42857142857,61910.3,49905.0,0.014587716661657257,0,0,1,19.400000000000002
3071,2024-04-18,딸기,딸기 죽향,47933.0,17.3,0.0,4,72589.0,51149.857142857145,60046.96666666667,50633.0,-0.05332490668141332,0,0,1,19.400000000000002
3072,2024-04-19,딸기,딸기 죽향,53202.0,17.6,0.0,4,61267.0,51505.0,58599.433333333334,47933.0,0.10992426929255417,0,0,1,19.400000000000002
3073,2024-04-20,딸기,딸기 죽향,53322.0,14.9,4.8,4,76953.0,51568.0,57666.166666666664,53202.0,0.00225555430246982,0,0,1,24.200000000000003
3074,2024-04-22,딸기,딸기 죽향,51182.0,18.8,0.0,4,60281.0,50569.0,57107.066666666666,53322.0,-0.04013352837477968,0,0,1,24.200000000000003
3075,2024-04-23,딸기,딸기 죽향,55922.0,17.3,0.0,4,76168.0,51728.42857142857,56846.4,51182.0,0.09261068344339818,0,0,1,7.1
3076,2024-04-24,딸기,딸기 죽향,60000.0,13.2,9.0,4,72608.0,53170.57142857143,56788.6,55922.0,0.07292299989270767,0,0,1,13.8
3077,2024-04-25,딸기,딸기 죽향,64908.0,14.4,0.0,4,71213.0,55209.857142857145,56775.8,60000.0,0.0818000000000001,0,0,1,13.8
3078,2024-04-26,딸기,딸기 죽향,69476.0,17.8,0.0,4,70752.0,58287.42857142857,57060.066666666666,64908.0,0.07037653293892898,0,0,1,13.8
3079,2024-04-27,딸기,딸기 죽향,66283.0,18.2,0.0,4,67956.0,60156.142857142855,57254.3,69476.0,-0.04595831654096383,0,0,1,13.8
3080,2024-04-29,딸기,딸기 죽향,50129.0,20.9,0.0,4,68202.0,59700.0,57132.166666666664,66283.0,-0.24371256581627265,0,0,1,9.0
3081,2024-04-30,딸기,딸기 죽향,47527.0,18.6,0.0,4,64163.0,59177.857142857145,56955.6,50129.0,-0.05190608230764626,0,0,1,9.0
3082,2024-05-01,딸기,딸기 죽향,53663.0,18.5,0.0,5,76315.0,58855.142857142855,56797.96666666667,47527.0,0.12910556104950865,0,0,0,9.0
3083,2024-05-02,딸기,딸기 죽향,55559.0,18.1,0.0,5,65478.0,58220.71428571428,56421.86666666667,53663.0,0.03533160650727685,0,0,0,0.0
3084,2024-05-03,딸기,딸기 죽향,57550.0,19.7,0.0,5,69417.0,57169.57142857143,56046.9,55559.0,0.03583577818175265,0,0,0,0.0
3085,2024-05-04,딸기,딸기 죽향,66190.0,21.4,0.0,5,71038.0,56700.142857142855,55856.96666666667,57550.0,0.15013032145960037,0,0,0,0.0
3086,2024-05-06,딸기,딸기 죽향,49979.0,13.9,12.3,5,67467.0,54371.0,55307.53333333333,66190.0,-0.24491615047590265,0,0,0,12.3
3087,2024-05-07,딸기,딸기 죽향,45430.0,13.3,2.4,5,72560.0,53699.71428571428,54786.6,49979.0,-0.0910182276556154,0,0,0,14.700000000000001
3088,2024-05-08,딸기,딸기 죽향,64122.0,14.7,0.0,5,67127.0,56070.42857142857,54975.76666666667,45430.0,0.41144618093770635,0,0,0,14.700000000000001
3089,2024-05-09,딸기,딸기 죽향,65714.0,16.1,0.0,5,65470.0,57792.0,55124.166666666664,64122.0,0.02482767224977378,0,0,0,14.700000000000001
3090,2024-05-10,딸기,딸기 죽향,66882.0,17.9,0.0,5,61590.0,59409.57142857143,55509.96666666667,65714.0,0.01777399032169713,0,0,0,14.700000000000001
3091,2024-05-11,딸기,딸기 죽향,59897.0,17.0,31.7,5,59493.0,59744.857142857145,55476.1,66882.0,-0.10443766633772911,0,0,0,46.4
3092,2024-05-13,딸기,딸기 죽향,48165.0,18.3,0.0,5,58640.0,57169.857142857145,55360.566666666666,59897.0,-0.19586957610564804,0,0,0,46.400000000000006
3093,2024-05-14,딸기,딸기 죽향,44701.0,18.8,0.0,5,57308.0,56415.857142857145,55131.833333333336,48165.0,-0.07191944357936264,0,0,0,34.10000000000001
3094,2024-05-15,딸기,딸기 죽향,54850.0,12.6,20.6,5,59407.0,57761.57142857143,55423.4,44701.0,0.22704190062862128,0,0,0,52.300000000000004
3095,2024-05-16,딸기,딸기 죽향,55911.0,13.7,0.1,5,48605.0,56588.57142857143,55596.566666666666,54850.0,0.019343664539653638,0,0,0,52.400000000000006
3096,2024-05-17,딸기,딸기 죽향,58042.0,18.3,0.0,5,53143.0,55492.57142857143,55768.6,55911.0,0.03811414569583804,0,0,0,52.400000000000006
3097,2024-05-18,딸기,딸기 죽향,45082.0,20.7,0.0,5,51557.0,52378.28571428572,55332.166666666664,58042.0,-0.22328658557596226,0,0,0,52.400000000000006
3098,2024-05-20,딸기,딸기 죽향,36333.0,19.4,0.0,5,51063.0,49012.0,54949.73333333333,45082.0,-0.19406858613193734,0,0,0,20.700000000000006
3099,2024-05-21,딸기,딸기 죽향,37581.0,21.7,0.0,5,52602.0,47500.0,54538.933333333334,36333.0,0.03434893898109159,0,0,0,20.700000000000006
3100,2024-05-22,딸기,딸기 죽향,36321.0,20.5,0.0,5,56509.0,46302.857142857145,54061.86666666667,37581.0,-0.033527580426279235,0,0,0,20.700000000000006
3101,2024-05-23,딸기,딸기 죽향,36409.0,20.2,0.0,5,53830.0,43668.42857142857,53677.73333333333,36321.0,0.0024228407808155605,0,0,0,0.10000000000000356
3102,2024-05-24,딸기,딸기 죽향,30429.0,20.1,0.0,5,48527.0,40028.142857142855,52918.63333333333,36409.0,-0.16424510423246996,0,0,0,0.0
3103,2024-05-25,딸기,딸기 죽향,29792.0,21.4,0.0,5,49154.0,35992.42857142857,52134.3,30429.0,-0.020933977455716568,0,0,0,0.0
3104,2024-05-27,딸기,딸기 죽향,28000.0,18.5,0.0,5,52476.0,33552.142857142855,51361.566666666666,29792.0,-0.06015037593984962,0,0,0,0.0
3105,2024-05-28,딸기,딸기 죽향,28000.0,20.4,0.0,5,53944.0,32361.714285714286,50430.833333333336,28000.0,0.0,0,0,0,0.0
3106,2024-05-29,딸기,딸기 죽향,19000.0,21.2,0.0,5,60856.0,29707.285714285714,49064.166666666664,28000.0,-0.3214285714285714,0,0,0,0.0
3107,2024-05-30,딸기,딸기 죽향,19000.0,20.7,0.0,5,67064.0,27232.85714285714,47533.9,19000.0,0.0,0,0,0,0.0
3108,2024-05-31,딸기,딸기 죽향,19000.0,20.4,1.0,5,76525.0,24745.85714285714,45851.36666666667,19000.0,0.0,0,0,0,1.0000000000000036
3109,2024-06-01,딸기,딸기 죽향,19000.0,20.7,0.0,6,85275.0,23113.14285714286,44275.26666666667,19000.0,0.0,0,0,0,1.0000000000000036
3110,2024-12-20,딸기,딸기 죽향,105000.0,1.4,0.4,12,69603.0,33857.142857142855,46104.3,19000.0,4.526315789473684,0,0,0,1.4000000000000035
3111,2024-12-21,딸기,딸기 죽향,105000.0,-0.7,2.9,12,60474.0,44857.142857142855,48020.066666666666,105000.0,0.0,0,0,0,4.300000000000003
3112,2024-12-23,딸기,딸기 죽향,150200.0,0.3,0.0,12,63022.0,62314.28571428572,51237.96666666667,105000.0,0.43047619047619046,0,0,0,4.300000000000003
3113,2024-12-24,딸기,딸기 죽향,150200.0,-0.4,0.0,12,57267.0,81057.14285714286,54392.666666666664,150200.0,0.0,0,0,0,4.300000000000003
3114,2024-12-25,딸기,딸기 죽향,111000.0,2.7,0.1,12,56145.0,94200.0,56174.333333333336,150200.0,-0.2609853528628495,0,0,0,4.400000000000003
3115,2024-12-26,딸기,딸기 죽향,109000.0,0.1,0.0,12,52772.0,107057.14285714286,57601.333333333336,111000.0,-0.018018018018018056,0,0,0,3.4000000000000035
3116,2024-12-27,딸기,딸기 죽향,123889.0,-2.6,0.0,12,44401.0,122041.28571428571,60065.0,109000.0,0.13659633027522933,0,0,0,3.4000000000000035
3117,2024-12-28,딸기,딸기 죽향,123889.0,-3.0,0.0,12,46249.0,124739.71428571429,62680.3,123889.0,0.0,0,0,0,3.0000000000000036
3118,2024-12-30,딸기,딸기 죽향,119875.0,5.5,0.0,12,45408.0,126864.71428571429,64538.73333333333,123889.0,-0.03239997094173008,0,0,0,0.10000000000000356
3119,2024-12-31,딸기,딸기 죽향,106000.0,0.6,0.0,12,47485.0,120550.42857142857,65881.6,119875.0,-0.1157455683003128,0,0,0,0.10000000000000356
3120,2025-01-02,딸기,딸기 죽향,106000.0,0.5,0.0,1,47355.0,114236.14285714286,67185.53333333334,106000.0,0.0,0,0,0,0.10000000000000356
3121,2025-01-03,딸기,딸기 죽향,111556.0,-1.1,0.0,1,47299.0,114315.57142857143,68907.5,106000.0,0.05241509433962266,0,0,0,0.0
3122,2025-01-04,딸기,딸기 죽향,99412.0,-0.1,0.0,1,43560.0,112945.85714285714,70615.73333333334,111556.0,-0.10886012406325074,0,0,0,0.0
3123,2025-01-06,딸기,딸기 죽향,102800.0,1.0,3.0,1,47045.0,109933.14285714286,72552.36666666667,99412.0,0.03408039270912977,0,0,0,3.0000000000000036
3124,2025-01-07,딸기,딸기 죽향,60000.0,-2.6,0.1,1,44441.0,100806.14285714286,72724.03333333334,102800.0,-0.41634241245136183,0,0,0,3.1000000000000036
3125,2025-01-08,딸기,딸기 죽향,97818.0,-3.4,0.0,1,43968.0,97655.14285714286,74120.93333333333,60000.0,0.6303000000000001,0,0,0,3.1000000000000036
3126,2025-01-09,딸기,딸기 죽향,64857.0,-9.7,0.0,1,43896.0,91777.57142857143,74348.1,97818.0,-0.3369625222351714,0,0,0,3.1000000000000036
3127,2025-01-10,딸기,딸기 죽향,120000.0,-7.3,0.0,1,42521.0,93777.57142857143,76845.36666666667,64857.0,0.8502243397011888,0,0,0,3.1000000000000036
3128,2025-01-11,딸기,딸기 죽향,107100.0,-5.1,0.0,1,37568.0,93141.0,79204.26666666666,120000.0,-0.10750000000000004,0,0,0,3.1000000000000036
3129,2025-01-13,딸기,딸기 죽향,133947.0,-0.4,1.3,1,39432.0,98074.57142857143,82416.46666666666,107100.0,0.2506722689075631,0,0,0,4.400000000000004
3130,2025-01-14,딸기,딸기 죽향,76727.0,2.3,0.1,1,49146.0,94349.85714285714,83763.33333333333,133947.0,-0.42718388616393055,0,0,0,1.5000000000000038
3131,2025-01-15,딸기,딸기 죽향,126176.0,-3.5,0.0,1,43053.0,103803.57142857143,86755.56666666667,76727.0,0.6444797789565602,0,0,0,1.4000000000000037
3132,2025-01-16,딸기,딸기 죽향,78000.0,-0.5,0.0,1,42327.0,100972.42857142857,88341.26666666666,126176.0,-0.38181587623636826,0,0,0,1.4000000000000037
3133,2025-01-17,딸기,딸기 죽향,121267.0,-0.5,0.0,1,46068.0,109031.0,91390.43333333333,78000.0,0.5547051282051283,0,0,0,1.4000000000000037
3134,2025-01-18,딸기,딸기 죽향,91176.0,1.0,0.0,1,55733.0,104913.28571428571,93496.3,121267.0,-0.24813840533698373,0,0,0,1.4000000000000037
3135,2025-01-20,딸기,딸기 죽향,122462.0,3.9,0.0,1,59693.0,107107.85714285714,96645.03333333334,91176.0,0.34313854523120124,0,0,0,1.4000000000000037
3136,2025-01-21,딸기,딸기 죽향,70000.0,2.4,0.0,1,64696.0,97972.57142857143,98345.03333333334,122462.0,-0.4283941140925348,0,0,0,0.10000000000000356
3137,2025-01-22,딸기,딸기 죽향,106968.0,3.6,0.0,1,48093.0,102292.71428571429,101277.3,70000.0,0.5281142857142858,0,0,0,0.0
3138,2025-01-23,딸기,딸기 죽향,76706.0,2.0,0.0,1,42433.0,95225.57142857143,103200.83333333333,106968.0,-0.28290703761872704,0,0,0,0.0
3139,2025-01-24,딸기,딸기 죽향,127860.0,3.1,0.0,1,46741.0,102348.42857142857,106829.5,76706.0,0.6668839464970147,0,0,0,0.0
3140,2025-01-25,딸기,딸기 죽향,97800.0,5.2,0.0,1,52724.0,98996.0,106589.5,127860.0,-0.23510089160018766,0,0,0,0.0
3141,2025-01-27,딸기,딸기 죽향,94500.0,0.2,5.6,1,60431.0,99470.85714285714,106239.5,97800.0,-0.033742331288343586,0,0,0,5.600000000000003
3142,2025-01-28,딸기,딸기 죽향,81660.0,-3.9,0.1,1,69469.0,93642.0,103954.83333333333,94500.0,-0.13587301587301592,0,0,0,5.700000000000003
3143,2025-02-01,딸기,딸기 죽향,80296.0,1.6,0.0,2,53766.0,95112.85714285714,101624.7,81660.0,-0.016703404359539542,0,0,0,5.700000000000003
3144,2025-02-03,딸기,딸기 죽향,88463.0,-4.1,0.0,2,49101.0,92469.28571428571,100873.46666666666,80296.0,0.10171116867589913,0,0,0,5.700000000000003
3145,2025-02-04,딸기,딸기 죽향,62000.0,-9.0,0.0,2,48617.0,90368.42857142857,99306.8,88463.0,-0.29914201417541797,0,0,0,5.700000000000003
3146,2025-02-05,딸기,딸기 죽향,104060.0,-8.6,0.0,2,56395.0,86968.42857142857,98645.83333333333,62000.0,0.6783870967741936,0,0,0,5.700000000000003
3147,2025-02-06,딸기,딸기 죽향,61375.0,-5.6,2.3,2,61575.0,81764.85714285714,96562.03333333334,104060.0,-0.4101960407457236,0,0,0,8.000000000000004
3148,2025-02-07,딸기,딸기 죽향,110429.0,-8.0,0.4,2,60837.0,84040.42857142857,96247.16666666667,61375.0,0.7992505091649695,0,0,0,2.8000000000000034
3149,2025-02-08,딸기,딸기 죽향,104804.0,-7.9,0.0,2,49321.0,87346.71428571429,96207.3,110429.0,-0.05093770658069896,0,0,0,2.7000000000000033
3150,2025-02-10,딸기,딸기 죽향,120515.0,-2.6,0.0,2,39561.0,93092.28571428571,96691.13333333333,104804.0,0.14990840044273113,0,0,0,2.7000000000000033
3151,2025-02-11,딸기,딸기 죽향,126130.0,0.5,0.0,2,41466.0,98473.28571428571,97176.93333333333,120515.0,0.046591710575446976,0,0,0,2.7000000000000033
3152,2025-02-13,딸기,딸기 죽향,72593.0,0.2,0.0,2,40407.0,99986.57142857143,96282.96666666666,126130.0,-0.42445889161975736,0,0,0,2.7000000000000033
3153,2025-02-14,딸기,딸기 죽향,114366.0,3.7,0.0,2,39309.0,101458.85714285714,96668.5,72593.0,0.5754411582383976,0,0,0,2.7000000000000033
3154,2025-02-15,딸기,딸기 죽향,91377.0,4.1,0.0,2,38195.0,105744.85714285714,97714.4,114366.0,-0.2010125386915692,0,0,0,0.4000000000000036
3155,2025-02-17,딸기,딸기 죽향,100226.0,-0.3,0.0,2,36896.0,104287.28571428571,97794.66666666667,91377.0,0.096840561629294,0,0,0,0.0
3156,2025-02-18,딸기,딸기 죽향,64031.0,-2.3,0.0,2,37159.0,98462.57142857143,97767.13333333333,100226.0,-0.36113383752718853,0,0,0,0.0
3157,2025-02-19,딸기,딸기 죽향,81854.0,-3.0,0.0,2,41917.0,92939.57142857143,96495.6,64031.0,0.2783495494369914,0,0,0,0.0
3158,2025-02-20,딸기,딸기 죽향,46898.0,-2.9,0.0,2,44050.0,81620.71428571429,94488.86666666667,81854.0,-0.4270530456666748,0,0,0,0.0
3159,2025-02-21,딸기,딸기 죽향,84315.0,-2.5,0.0,2,41910.0,83295.28571428571,92834.46666666666,46898.0,0.7978378608895902,0,0,0,0.0
3160,2025-02-22,딸기,딸기 죽향,80200.0,-2.3,0.0,2,42535.0,78414.42857142857,92950.23333333334,84315.0,-0.04880507620233643,0,0,0,0.0
3161,2025-02-24,딸기,딸기 죽향,86435.0,-1.3,0.0,2,33633.0,77708.42857142857,91625.53333333334,80200.0,0.0777431421446384,0,0,0,0.0
3162,2025-02-25,딸기,딸기 죽향,86630.0,2.1,0.0,2,33554.0,75766.14285714286,91913.2,86435.0,0.0022560305431826855,0,0,0,0.0
3163,2025-02-26,딸기,딸기 죽향,95082.0,3.7,0.0,2,33174.0,80202.0,91040.36666666667,86630.0,0.09756435414983256,0,0,0,0.0
3164,2025-02-27,딸기,딸기 죽향,93044.0,5.8,0.0,2,36000.0,81800.57142857143,91102.63333333333,95082.0,-0.02143413053995502,0,0,0,0.0
3165,2025-02-28,딸기,딸기 죽향,92694.0,7.8,0.0,2,35424.0,88342.85714285714,90110.36666666667,93044.0,-0.0037616611495636665,0,0,0,0.0
3166,2025-03-01,딸기,딸기 죽향,87596.0,8.5,0.6,3,38720.0,88811.57142857143,90696.9,92694.0,-0.054998166008587424,0,0,1,0.6000000000000035
3167,2025-03-03,딸기,딸기 죽향,84441.0,3.1,10.4,3,35421.0,89417.42857142857,89946.0,87596.0,-0.03601762637563355,0,0,1,11.000000000000004
3168,2025-03-04,딸기,딸기 죽향,82421.0,2.5,4.0,3,36125.0,88844.0,90136.5,84441.0,-0.02392202839852675,0,0,1,15.000000000000004
3169,2025-03-06,딸기,딸기 죽향,81144.0,4.8,0.0,3,39300.0,88060.28571428571,88579.3,82421.0,-0.015493624197716604,0,0,1,15.000000000000004
3170,2025-03-07,딸기,딸기 죽향,85809.0,5.3,0.0,3,39300.0,86735.57142857143,88179.6,81144.0,0.05749038745933155,0,0,1,15.000000000000004
3171,2025-03-08,딸기,딸기 죽향,84793.0,5.8,0.0,3,39300.0,85556.85714285714,87856.03333333334,85809.0,-0.01184024985724108,0,0,1,15.000000000000004
3172,2025-03-10,딸기,딸기 죽향,81728.0,8.0,0.0,3,39300.0,83990.28571428571,87858.3,84793.0,-0.03614685174483745,0,0,1,15.000000000000004
3173,2025-03-11,딸기,딸기 죽향,77407.0,9.4,0.0,3,39300.0,82534.71428571429,87762.0,81728.0,-0.05287049725920123,0,0,1,14.400000000000004
3174,2025-03-12,딸기,딸기 죽향,89595.0,8.5,0.0,3,39300.0,83271.0,87799.73333333334,77407.0,0.15745346028136997,0,0,1,4.0000000000000036
3175,2025-03-13,딸기,딸기 죽향,80000.0,8.9,0.0,3,39300.0,82925.14285714286,88399.73333333334,89595.0,-0.10709302974496349,0,0,1,0.0
3176,2025-03-14,딸기,딸기 죽향,83344.0,12.4,0.0,3,39300.0,83239.42857142857,87709.2,80000.0,0.04180000000000006,0,0,1,0.0
3177,2025-03-15,딸기,딸기 죽향,85563.0,12.6,0.0,3,120000.0,83204.28571428571,88515.46666666666,83344.0,0.026624592052217233,0,0,1,0.0
3178,2025-03-17,딸기,딸기 죽향,75202.0,2.5,0.4,3,120000.0,81834.14285714286,87341.23333333334,85563.0,-0.1210920608206818,0,0,1,0.4000000000000036
3179,2025-03-18,딸기,딸기 죽향,79670.0,2.1,9.9,3,90000.0,81540.14285714286,86503.43333333333,75202.0,0.05941331347570533,0,0,1,10.300000000000004
3180,2025-03-19,딸기,딸기 죽향,89175.0,2.4,0.0,3,90000.0,83221.28571428571,85458.76666666666,79670.0,0.11930463160537208,0,0,1,10.300000000000004
3181,2025-03-20,딸기,딸기 죽향,72866.0,8.2,0.0,3,98250.0,80831.42857142857,83683.3,89175.0,-0.18288758059994392,0,0,1,10.300000000000004
3182,2025-03-21,딸기,딸기 죽향,84683.0,11.6,0.0,3,98250.0,81500.42857142857,84086.3,72866.0,0.1621744023275602,0,0,1,10.300000000000004
3183,2025-03-22,딸기,딸기 죽향,82034.0,12.8,0.0,3,98750.0,81313.28571428571,83008.56666666667,84683.0,-0.03128136698038564,0,0,1,10.300000000000004
3184,2025-03-24,딸기,딸기 죽향,67012.0,15.5,0.0,3,98750.0,78663.14285714286,82196.4,82034.0,-0.18311919448033742,0,0,1,10.300000000000004
3185,2025-03-25,딸기,딸기 죽향,61453.0,12.7,0.0,3,92857.0,76699.0,80903.96666666666,67012.0,-0.08295529158956605,0,0,1,9.900000000000004
3186,2025-03-26,딸기,딸기 죽향,62550.0,15.5,0.0,3,92857.0,74253.28571428571,80854.6,61453.0,0.017851040632678616,0,0,1,0.0
3187,2025-03-27,딸기,딸기 죽향,59462.0,13.7,0.3,3,100000.0,70008.57142857143,80108.2,62550.0,-0.04936850519584335,0,0,1,0.30000000000000354
3188,2025-03-28,딸기,딸기 죽향,60909.0,6.5,0.0,3,100000.0,68300.42857142857,80575.23333333334,59462.0,0.024334869328310527,0,0,1,0.30000000000000354
3189,2025-03-29,딸기,딸기 죽향,70385.0,3.3,0.0,3,114067.0,66257.85714285714,80110.9,60909.0,0.15557635160649497,0,0,1,0.30000000000000354
3190,2025-03-31,딸기,딸기 죽향,66235.0,7.7,0.0,3,107000.0,64000.857142857145,79645.4,70385.0,-0.058961426440292675,0,0,1,0.30000000000000354
3191,2025-04-01,딸기,딸기 죽향,60800.0,10.1,0.0,4,94545.0,63113.42857142857,78790.9,66235.0,-0.08205631463727636,0,0,1,0.30000000000000354
3192,2025-04-02,딸기,딸기 죽향,67441.0,8.9,0.0,4,97235.0,63968.857142857145,78151.26666666666,60800.0,0.10922697368421042,0,0,1,0.30000000000000354
3193,2025-04-03,딸기,딸기 죽향,63972.0,9.8,0.0,4,97235.0,64172.0,77114.26666666666,67441.0,-0.051437552823949795,0,0,1,0.30000000000000354
3194,2025-04-04,딸기,딸기 죽향,75955.0,10.6,0.0,4,102571.0,66528.14285714286,76544.63333333333,63972.0,0.18731632589257807,0,0,1,0.0
3195,2025-04-05,딸기,딸기 죽향,89473.0,8.0,22.8,4,88333.0,70608.71428571429,76437.26666666666,75955.0,0.17797380027647947,0,0,1,22.800000000000004
3196,2025-04-07,딸기,딸기 죽향,77491.0,13.5,0.0,4,104321.0,71623.85714285714,76100.43333333333,89473.0,-0.13391749466319447,0,0,1,22.800000000000004
3197,2025-04-08,딸기,딸기 죽향,72306.0,13.8,0.0,4,77250.0,72491.14285714286,75695.93333333333,77491.0,-0.06691099611567797,0,0,1,22.800000000000004
3198,2025-04-09,딸기,딸기 죽향,64567.0,12.7,0.8,4,106318.0,73029.28571428571,75100.8,72306.0,-0.10703122839045165,0,0,1,23.600000000000005
3199,2025-04-10,딸기,딸기 죽향,63827.0,13.2,0.0,4,76000.0,72513.0,74523.56666666667,64567.0,-0.011460963030650362,0,0,1,23.600000000000005
3200,2025-04-11,딸기,딸기 죽향,62770.0,16.2,0.0,4,115390.0,72341.28571428571,73755.6,63827.0,-0.016560389803688125,0,0,1,23.600000000000005
3201,2025-04-12,딸기,딸기 죽향,55743.0,12.9,15.4,4,78714.0,69453.85714285714,72787.26666666666,62770.0,-0.11194838298550258,0,0,1,39.00000000000001
3202,2025-04-14,딸기,딸기 죽향,45981.0,4.4,7.4,4,90033.0,63240.71428571428,71595.7,55743.0,-0.17512512781873957,0,0,1,23.600000000000005
3203,2025-04-15,딸기,딸기 죽향,54472.0,8.2,0.0,4,76400.0,59952.28571428572,70831.2,45981.0,0.18466323046475708,0,0,1,23.600000000000005
3204,2025-04-16,딸기,딸기 죽향,53692.0,14.6,0.0,4,93783.0,57293.142857142855,69634.43333333333,54472.0,-0.014319283301512664,0,0,1,23.600000000000005
3205,2025-04-17,딸기,딸기 죽향,65281.0,19.7,0.0,4,70667.0,57395.142857142855,69143.8,53692.0,0.21584221113014967,0,0,1,22.800000000000004
3206,2025-04-18,딸기,딸기 죽향,60829.0,18.6,0.0,4,139102.0,56966.857142857145,68393.3,65281.0,-0.06819748471990317,0,0,1,22.800000000000004
3207,2025-04-19,딸기,딸기 죽향,64233.0,15.3,9.2,4,108759.0,57175.857142857145,67682.3,60829.0,0.05596015058606918,0,0,1,32.0
3208,2025-04-21,딸기,딸기 죽향,44239.0,20.7,0.0,4,81040.0,55532.42857142857,66650.2,64233.0,-0.3112730216555353,0,0,1,16.600000000000005
3209,2025-04-22,딸기,딸기 죽향,34615.0,17.8,34.8,4,50267.0,53908.71428571428,65148.36666666667,44239.0,-0.21754560455706506,0,0,1,44.0
3210,2025-04-23,딸기,딸기 죽향,40545.0,16.8,0.0,4,94821.0,51919.142857142855,63527.36666666667,34615.0,0.1713130145890509,0,0,1,44.0
3211,2025-04-24,딸기,딸기 죽향,47234.0,14.7,0.0,4,90540.0,50996.57142857143,62672.96666666667,40545.0,0.16497718584289056,0,0,1,44.0
3212,2025-04-25,딸기,딸기 죽향,54318.0,12.5,0.0,4,102016.0,49430.42857142857,61660.8,47234.0,0.14997671169073135,0,0,1,44.0
3213,2025-04-26,딸기,딸기 죽향,70503.0,13.8,0.0,4,73357.0,50812.42857142857,61276.433333333334,54318.0,0.2979675245774882,0,0,1,44.0
3214,2025-04-28,딸기,딸기 죽향,60305.0,15.1,0.0,4,108800.0,50251.28571428572,61052.86666666667,70503.0,-0.14464632710664793,0,0,1,34.8
3215,2025-04-29,딸기,딸기 죽향,56226.0,14.8,0.0,4,65786.0,51963.71428571428,60878.63333333333,60305.0,-0.06763949921233725,0,0,1,34.8
3216,2025-04-30,딸기,딸기 죽향,60361.0,18.4,0.0,4,93638.0,55641.71428571428,60805.666666666664,56226.0,0.07354248923985351,0,0,1,0.0
3217,2025-05-01,딸기,딸기 죽향,60406.0,14.7,21.1,5,73364.0,58479.0,60837.13333333333,60361.0,0.0007455144878314446,0,0,0,21.1
3218,2025-05-02,딸기,딸기 죽향,59874.0,13.4,0.0,5,72910.0,60284.71428571428,60802.63333333333,60406.0,-0.008807072145151196,0,0,0,21.1
3219,2025-05-03,딸기,딸기 죽향,69533.0,11.2,7.3,5,50480.0,62458.28571428572,60774.23333333333,59874.0,0.16132210976383732,0,0,0,28.400000000000002
3220,2025-05-05,딸기,딸기 죽향,59374.0,12.1,0.0,5,73836.0,60868.42857142857,60545.53333333333,69533.0,-0.14610328908575787,0,0,0,28.400000000000002
3221,2025-05-06,딸기,딸기 죽향,58426.0,14.4,0.0,5,72565.0,60600.0,60466.4,59374.0,-0.01596658470037393,0,0,0,28.400000000000002
3222,2025-05-07,딸기,딸기 죽향,67419.0,14.9,0.0,5,74652.0,62199.0,60465.666666666664,58426.0,0.15392119946599125,0,0,0,28.400000000000002
3223,2025-05-08,딸기,딸기 죽향,72762.0,17.4,0.0,5,77811.0,63970.57142857143,60758.666666666664,67419.0,0.07925065634316741,0,0,0,28.400000000000002
3224,2025-05-09,딸기,딸기 죽향,76500.0,15.1,17.6,5,70080.0,66269.71428571429,60776.833333333336,72762.0,0.051372969407108116,0,0,0,24.900000000000002
3225,2025-05-10,딸기,딸기 죽향,65580.0,12.3,14.1,5,78521.0,67084.85714285714,59980.4,76500.0,-0.14274509803921565,0,0,0,39.0
3226,2025-05-12,딸기,딸기 죽향,63711.0,17.0,0.0,5,90262.0,66253.14285714286,59521.066666666666,65580.0,-0.028499542543458323,0,0,0,31.700000000000003
3227,2025-05-13,딸기,딸기 죽향,54956.0,19.9,0.0,5,91462.0,65622.0,58942.73333333333,63711.0,-0.13741740044890205,0,0,0,31.700000000000003
3228,2025-05-14,딸기,딸기 죽향,54239.0,21.0,0.0,5,85132.0,65023.857142857145,58598.46666666667,54956.0,-0.013046801077225445,0,0,0,31.700000000000003
3229,2025-05-15,딸기,딸기 죽향,51726.0,19.5,1.1,5,83580.0,62782.0,58195.1,54239.0,-0.046331975147034465,0,0,0,32.800000000000004
3230,2025-05-16,딸기,딸기 죽향,48500.0,19.4,51.3,5,94600.0,59316.0,57719.433333333334,51726.0,-0.06236708811816105,0,0,0,84.1
3231,2025-05-17,딸기,딸기 죽향,51659.0,18.3,2.2,5,90552.0,55767.28571428572,57583.3,48500.0,0.06513402061855667,0,0,0,68.7
3232,2025-05-19,딸기,딸기 죽향,35679.0,16.1,1.6,5,80746.0,51495.71428571428,57239.9,51659.0,-0.30933622408486416,0,0,0,56.199999999999996
3233,2025-05-20,딸기,딸기 죽향,38391.0,22.2,1.0,5,96782.0,47878.57142857143,56703.86666666667,35679.0,0.07601109896577829,0,0,0,57.199999999999996
3234,2025-05-21,딸기,딸기 죽향,52190.0,25.5,0.0,5,83286.0,47483.42857142857,56653.8,38391.0,0.35943320048969807,0,0,0,57.199999999999996
3235,2025-05-22,딸기,딸기 죽향,45800.0,23.9,0.8,5,79675.0,46277.857142857145,56004.433333333334,52190.0,-0.12243724851504123,0,0,0,58.0
3236,2025-05-23,딸기,딸기 죽향,43596.0,19.4,1.2,5,72800.0,45116.42857142857,55430.0,45800.0,-0.048122270742358086,0,0,0,58.099999999999994
3237,2025-05-24,딸기,딸기 죽향,47850.0,15.6,4.3,5,72104.0,45023.57142857143,54883.9,43596.0,0.09757775942747049,0,0,0,11.1
3238,2025-05-26,딸기,딸기 죽향,26257.0,19.7,0.0,5,73990.0,41394.71428571428,54284.5,47850.0,-0.4512643678160919,0,0,0,8.899999999999999
3239,2025-05-27,딸기,딸기 죽향,24150.0,20.8,0.0,5,70638.0,39747.71428571428,53935.666666666664,26257.0,-0.08024526792855236,0,0,0,7.299999999999999
3240,2025-05-28,딸기,딸기 죽향,28000.0,20.8,0.0,5,72918.0,38263.28571428572,53517.5,24150.0,0.1594202898550725,0,0,0,6.299999999999999
3241,2025-05-29,딸기,딸기 죽향,28000.0,21.2,0.0,5,65673.0,34807.57142857143,52876.36666666667,28000.0,0.0,0,0,0,6.299999999999999
3242,2025-05-30,딸기,딸기 죽향,25000.0,22.2,0.0,5,63447.0,31836.14285714286,51899.1,28000.0,-0.1071428571428571,0,0,0,5.499999999999999
3243,2025-05-31,딸기,딸기 죽향,30000.0,21.5,0.0,5,61962.0,29893.85714285714,50549.0,25000.0,0.19999999999999996,0,0,0,4.299999999999999
3244,2025-06-02,딸기,딸기 죽향,30000.0,21.0,0.0,6,62473.0,27343.85714285714,49538.833333333336,30000.0,0.0,0,0,0,0.0
3245,2025-06-03,딸기,딸기 죽향,30000.0,20.9,0.0,6,61569.0,27878.571428571428,48664.63333333333,30000.0,0.0,0,0,0,0.0
3246,2025-06-04,딸기,딸기 죽향,30000.0,20.5,0.0,6,65916.0,28714.285714285714,47652.6,30000.0,0.0,0,0,0,0.0
3247,2025-06-05,딸기,딸기 죽향,30000.0,21.7,0.0,6,59236.0,29000.0,46639.066666666666,30000.0,0.0,0,0,0,0.0
3248,2025-06-06,딸기,딸기 죽향,30000.0,24.1,0.0,6,60729.0,29285.714285714286,45643.26666666667,30000.0,0.0,0,0,0,0.0
3249,2025-06-07,딸기,딸기 죽향,30000.0,23.7,0.1,6,60339.0,30000.0,44325.5,30000.0,0.0,0,0,0,0.1
3250,2025-12-02,딸기,딸기 죽향,150000.0,0.1,0.0,12,68619.0,47142.857142857145,47346.36666666667,30000.0,4.0,0,0,0,0.1
3251,2025-12-03,딸기,딸기 죽향,150000.0,-5.9,0.0,12,68568.0,64285.71428571428,50398.833333333336,150000.0,0.0,0,0,0,0.1
3252,2025-12-04,딸기,딸기 죽향,150000.0,-3.2,4.0,12,64663.0,81428.57142857143,53151.53333333333,150000.0,0.0,0,0,0,4.1
3253,2025-12-05,딸기,딸기 죽향,150000.0,-2.6,0.0,12,62010.0,98571.42857142857,55726.13333333333,150000.0,0.0,0,0,0,4.1
3254,2025-12-06,딸기,딸기 죽향,150000.0,2.1,0.6,12,56500.0,115714.28571428571,58176.13333333333,150000.0,0.0,0,0,0,4.7
3255,2025-12-08,딸기,딸기 죽향,150000.0,3.4,0.0,12,54622.0,132857.14285714287,60990.13333333333,150000.0,0.0,0,0,0,4.7
3256,2025-12-09,딸기,딸기 죽향,150000.0,2.8,0.0,12,50444.0,150000.0,63866.433333333334,150000.0,0.0,0,0,0,4.6000000000000005
3257,2025-12-10,딸기,딸기 죽향,150000.0,4.9,0.0,12,50310.0,150000.0,67034.56666666667,150000.0,0.0,0,0,0,4.6000000000000005
3258,2025-12-11,딸기,딸기 죽향,150000.0,4.0,12.9,12,53033.0,150000.0,70226.6,150000.0,0.0,0,0,0,17.5
3259,2025-12-12,딸기,딸기 죽향,182500.0,2.0,0.0,12,54291.0,154642.85714285713,74585.73333333334,150000.0,0.21666666666666656,0,0,0,13.500000000000002
3260,2025-12-15,딸기,딸기 죽향,155000.0,0.7,0.0,12,48768.0,155357.14285714287,78135.73333333334,182500.0,-0.15068493150684936,0,0,0,13.500000000000002
3261,2025-12-16,딸기,딸기 죽향,155000.0,3.8,2.1,12,50298.0,156071.42857142858,81580.43333333333,155000.0,0.0,0,0,0,15.000000000000002
3262,2025-12-17,딸기,딸기 죽향,102500.0,4.2,0.0,12,47389.0,149285.7142857143,83807.8,155000.0,-0.33870967741935487,0,0,0,15.000000000000002
3263,2025-12-18,딸기,딸기 죽향,102500.0,2.3,0.0,12,51248.0,142500.0,85944.76666666666,102500.0,0.0,0,0,0,15.000000000000002
3264,2025-12-19,딸기,딸기 죽향,125000.0,4.9,0.0,12,54181.0,138928.57142857142,88371.76666666666,102500.0,0.2195121951219512,0,0,0,15.000000000000002
3265,2025-12-20,딸기,딸기 죽향,125000.0,7.3,0.3,12,56053.0,135357.14285714287,91011.76666666666,125000.0,0.0,0,0,0,2.4000000000000017
3266,2025-12-22,딸기,딸기 죽향,136000.0,-0.7,0.0,12,48522.0,128714.28571428571,94091.9,125000.0,0.08800000000000008,0,0,0,2.4000000000000017
3267,2025-12-23,딸기,딸기 죽향,103800.0,2.6,10.8,12,47528.0,121400.0,95956.9,136000.0,-0.236764705882353,0,0,0,13.200000000000003
3268,2025-12-24,딸기,딸기 죽향,150200.0,2.8,0.0,12,44217.0,120714.28571428571,100088.33333333333,103800.0,0.4470134874759153,0,0,0,11.100000000000003
3269,2025-12-25,딸기,딸기 죽향,150200.0,-3.6,0.0,12,44205.0,127528.57142857143,104290.0,150200.0,0.0,0,0,0,11.100000000000003
3270,2025-12-26,딸기,딸기 죽향,125000.0,-8.2,0.0,12,46152.0,130742.85714285714,107523.33333333333,150200.0,-0.16777629826897467,0,0,0,11.100000000000003
3271,2025-12-27,딸기,딸기 죽향,155000.0,-2.6,0.0,12,50816.0,135028.57142857142,111756.66666666667,125000.0,0.24,0,0,0,11.100000000000003
3272,2025-12-29,딸기,딸기 죽향,149286.0,4.9,0.3,12,47813.0,138498.0,115899.53333333334,155000.0,-0.0368645161290323,0,0,0,11.100000000000003
3273,2025-12-30,딸기,딸기 죽향,113000.0,-0.5,0.0,12,45409.0,135212.2857142857,118666.2,149286.0,-0.2430636496389481,0,0,0,11.100000000000003
3274,2025-12-31,딸기,딸기 죽향,125556.0,-5.6,0.0,12,48014.0,138320.2857142857,121851.4,113000.0,0.11111504424778751,0,0,0,0.30000000000000177
3275,2026-01-03,딸기,딸기 죽향,151500.0,-4.7,0.0,1,51752.0,138506.0,125901.4,125556.0,0.20663289687470132,0,0,0,0.30000000000000177
3276,2026-01-05,딸기,딸기 죽향,147455.0,-1.9,0.0,1,53120.0,138113.85714285713,129816.56666666667,151500.0,-0.026699669966996686,0,0,0,0.30000000000000177
3277,2026-01-06,딸기,딸기 죽향,96444.0,-0.9,0.0,1,53339.0,134034.42857142858,132031.36666666667,147455.0,-0.34594283001593706,0,0,0,0.30000000000000177
3278,2026-01-07,딸기,딸기 죽향,141000.0,-0.2,0.0,1,45805.0,132034.42857142858,135731.36666666667,96444.0,0.4619883040935673,0,0,0,0.30000000000000177
3279,2026-01-08,딸기,딸기 죽향,108571.0,-5.1,0.0,1,43523.0,126218.0,138350.4,141000.0,-0.22999290780141846,0,0,0,0.0
3280,2026-01-09,딸기,딸기 죽향,138733.0,-0.3,0.0,1,44057.0,129894.14285714286,137974.83333333334,108571.0,0.27780899135128156,0,0,0,0.0
3281,2026-01-10,딸기,딸기 죽향,98800.0,2.0,1.7,1,43706.0,126071.85714285714,136268.16666666666,138733.0,-0.2878406723706688,0,0,0,1.7000000000000017
3282,2026-01-12,딸기,딸기 죽향,111130.0,-3.8,2.7,1,41938.0,120304.71428571429,134972.5,98800.0,0.12479757085020249,0,0,0,4.400000000000002
3283,2026-01-13,딸기,딸기 죽향,95000.0,-3.3,0.0,1,43073.0,112811.14285714286,133139.16666666666,111130.0,-0.14514532529469992,0,0,0,4.400000000000002
3284,2026-01-14,딸기,딸기 죽향,112250.0,-3.3,0.0,1,41593.0,115069.14285714286,131880.83333333334,95000.0,0.18157894736842106,0,0,0,4.400000000000002
3285,2026-01-15,딸기,딸기 죽향,87286.0,4.7,0.0,1,46248.0,107395.71428571429,129790.36666666667,112250.0,-0.22239643652561247,0,0,0,4.400000000000002
3286,2026-01-16,딸기,딸기 죽향,106757.0,3.6,0.0,1,50252.0,107136.57142857143,128348.93333333333,87286.0,0.22307128290905753,0,0,0,4.400000000000002
3287,2026-01-17,딸기,딸기 죽향,100471.0,0.2,0.0,1,62500.0,101670.57142857143,126697.96666666666,106757.0,-0.05888138482722449,0,0,0,4.400000000000002
3288,2026-01-19,딸기,딸기 죽향,105078.0,-3.9,1.0,1,74620.0,102567.42857142857,125200.56666666667,100471.0,0.045854027530332075,0,0,0,3.700000000000002
3289,2026-01-20,딸기,딸기 죽향,80333.0,-8.4,0.0,1,67851.0,98167.85714285714,121795.0,105078.0,-0.23549172995298728,0,0,0,1.0000000000000018
3290,2026-01-21,딸기,딸기 죽향,100818.0,-9.7,0.0,1,65791.0,98999.0,119988.93333333333,80333.0,0.25500105809567675,0,0,0,1.0000000000000018
3291,2026-01-22,딸기,딸기 죽향,79714.0,-9.1,0.0,1,58528.0,94351.0,117479.4,100818.0,-0.20932769941875462,0,0,0,1.0000000000000018
3292,2026-01-23,딸기,딸기 죽향,117227.0,-5.0,2.2,1,67324.0,98628.28571428571,117970.3,79714.0,0.4705948766841459,0,0,0,3.200000000000002
3293,2026-01-24,딸기,딸기 죽향,105000.0,-5.3,0.0,1,63182.0,98377.28571428571,118053.63333333333,117227.0,-0.10430190996954625,0,0,0,3.200000000000002
3294,2026-01-26,딸기,딸기 죽향,120017.0,-4.2,0.0,1,65655.0,101169.57142857143,117887.53333333334,105000.0,0.1430190476190476,0,0,0,3.200000000000002
3295,2026-01-27,딸기,딸기 죽향,84250.0,-4.4,0.0,1,67752.0,98194.14285714286,116529.2,120017.0,-0.2980161143837956,0,0,0,2.200000000000002
3296,2026-01-28,딸기,딸기 죽향,124216.0,-5.4,0.0,1,65808.0,104463.14285714286,116136.4,84250.0,0.474373887240356,0,0,0,2.200000000000002
3297,2026-01-29,딸기,딸기 죽향,105000.0,-5.2,0.0,1,58789.0,105060.57142857143,116176.4,124216.0,-0.1546982675339731,0,0,0,2.200000000000002
3298,2026-01-30,딸기,딸기 죽향,124293.0,-6.4,0.0,1,56157.0,111429.0,115312.83333333333,105000.0,0.1837428571428572,0,0,0,2.200000000000002
3299,2026-01-31,딸기,딸기 죽향,105000.0,-4.1,0.0,1,51431.0,109682.28571428571,113806.16666666667,124293.0,-0.1552219352658637,0,0,0,0.0
3300,2026-02-02,딸기,딸기 죽향,110400.0,-2.1,2.4,2,55081.0,110453.71428571429,113319.5,105000.0,0.05142857142857138,0,0,0,2.4000000000000017
3301,2026-02-03,딸기,딸기 죽향,83154.0,-0.9,0.0,2,48415.0,105187.57142857143,110924.63333333333,110400.0,-0.24679347826086961,0,0,0,2.4000000000000017
3302,2026-02-04,딸기,딸기 죽향,124362.0,2.8,0.0,2,43933.0,110917.85714285714,110093.83333333333,83154.0,0.4955624503932463,0,0,0,2.4000000000000017
3303,2026-02-05,딸기,딸기 죽향,75000.0,3.6,0.0,2,40286.0,103887.0,108827.16666666667,124362.0,-0.3969218893231051,0,0,0,2.4000000000000017
3304,2026-02-06,딸기,딸기 죽향,119500.0,-6.0,0.0,2,41383.0,105958.42857142857,108625.3,75000.0,0.5933333333333333,0,0,0,2.4000000000000017
3305,2026-02-07,딸기,딸기 죽향,137163.0,-8.1,0.0,2,43500.0,107797.0,108147.4,119500.0,0.1478075313807532,0,0,0,2.4000000000000017
3306,2026-02-09,딸기,딸기 죽향,91966.0,-3.1,0.0,2,41431.0,105935.0,106297.76666666666,137163.0,-0.3295130611024839,0,0,0,2.4000000000000017
3307,2026-02-10,딸기,딸기 죽향,86714.0,1.4,0.8,2,38709.0,102551.28571428571,105973.43333333333,91966.0,-0.05710806167496685,0,0,0,0.8000000000000018
3308,2026-02-11,딸기,딸기 죽향,94959.0,2.7,0.0,2,31385.0,104237.71428571429,104438.73333333334,86714.0,0.09508268561016675,0,0,0,0.8000000000000018
3309,2026-02-12,딸기,딸기 죽향,65304.0,2.8,0.0,2,34724.0,95800.85714285714,102996.5,94959.0,-0.31229267368021985,0,0,0,0.8000000000000018
3310,2026-02-13,딸기,딸기 죽향,125408.0,5.3,0.0,2,30143.0,103002.0,102552.33333333333,65304.0,0.9203724121033934,0,0,0,0.8000000000000018
3311,2026-02-14,딸기,딸기 죽향,141432.0,7.8,0.0,2,30143.0,106135.14285714286,103973.4,125408.0,0.12777494258739464,0,0,0,0.8000000000000018
3312,2026-02-16,딸기,딸기 죽향,73564.0,2.4,0.0,2,33941.0,97049.57142857143,102721.2,141432.0,-0.4798631144295492,0,0,0,0.8000000000000018
3313,2026-02-20,딸기,딸기 죽향,84586.0,6.3,0.0,2,31214.0,95995.28571428571,102374.06666666667,73564.0,0.14982872056984387,0,0,0,0.8000000000000018
3314,2026-02-21,딸기,딸기 죽향,78195.0,10.7,0.0,2,26000.0,94778.28571428571,101238.9,84586.0,-0.07555623862104843,0,0,0,0.0
3315,2026-02-23,딸기,딸기 죽향,82170.0,1.8,0.0,2,26000.0,92951.28571428571,101068.36666666667,78195.0,0.0508344523307116,0,0,0,0.0
3316,2026-02-24,딸기,딸기 죽향,80975.0,2.8,0.0,2,26000.0,95190.0,100208.96666666666,82170.0,-0.014543020567116982,0,0,0,0.0
3317,2026-02-25,딸기,딸기 죽향,86890.0,7.4,0.0,2,26000.0,89687.42857142857,99756.26666666666,80975.0,0.07304723680148184,0,0,0,0.0
3318,2026-02-26,딸기,딸기 죽향,91727.0,8.3,0.0,2,26000.0,82586.71428571429,99311.23333333334,86890.0,0.055668086085855606,0,0,0,0.0
3319,2026-02-27,딸기,딸기 죽향,89881.0,9.6,0.0,2,26000.0,84917.71428571429,99629.5,91727.0,-0.020124935951246647,0,0,0,0.0
3320,2026-02-28,딸기,딸기 죽향,75400.0,9.3,0.0,2,26000.0,83605.42857142857,98782.23333333334,89881.0,-0.16111302722488618,0,0,0,0.0
3321,2026-03-02,딸기,딸기 죽향,71559.0,4.9,12.2,3,26000.0,82657.42857142857,98510.4,75400.0,-0.05094164456233419,0,0,1,12.200000000000001
3322,2026-03-03,딸기,딸기 죽향,71825.0,5.9,1.3,3,26000.0,81179.57142857143,96997.0,71559.0,0.003717212370212053,0,0,1,13.500000000000002
3323,2026-03-04,딸기,딸기 죽향,72922.0,6.0,0.0,3,26000.0,80029.14285714286,95927.73333333334,71825.0,0.015273233553776633,0,0,1,13.500000000000002
3324,2026-03-05,딸기,딸기 죽향,74849.0,6.0,15.5,3,26000.0,78309.0,94422.13333333333,72922.0,0.026425495735169058,0,0,1,29.0
3325,2026-03-06,딸기,딸기 죽향,88914.0,1.9,0.0,3,26000.0,77907.14285714286,94577.6,74849.0,0.18791166214645494,0,0,1,29.0
3326,2026-03-09,딸기,딸기 죽향,76709.0,4.5,0.0,3,26000.0,76025.42857142857,92994.03333333334,88914.0,-0.1372674719391772,0,0,1,29.0
3327,2026-03-10,딸기,딸기 죽향,78634.0,3.9,0.0,3,26000.0,76487.42857142857,92115.16666666667,76709.0,0.0250948389367609,0,0,1,29.0
3328,2026-03-11,딸기,딸기 죽향,85500.0,4.5,0.0,3,26000.0,78479.0,90822.06666666667,78634.0,0.08731591932243044,0,0,1,16.800000000000004
3329,2026-03-12,딸기,딸기 죽향,85838.0,7.1,0.0,3,26000.0,80480.85714285714,90183.33333333333,85500.0,0.003953216374269042,0,0,1,15.500000000000002
3330,2026-03-13,딸기,딸기 죽향,86525.0,7.6,0.0,3,133000.0,82424.14285714286,89387.5,85838.0,0.008003448356205922,0,0,1,15.500000000000002
3331,2026-03-14,딸기,딸기 죽향,72296.0,8.1,0.0,3,133000.0,82059.42857142857,89025.56666666667,86525.0,-0.16444958104594043,0,0,1,0.0
3332,2026-03-16,딸기,딸기 죽향,72381.0,7.4,0.0,3,133000.0,79697.57142857143,87292.86666666667,72296.0,0.0011757220316477301,0,0,1,0.0
3333,2026-03-17,딸기,딸기 죽향,67929.0,8.8,0.0,3,108000.0,78443.28571428571,87057.16666666667,72381.0,-0.061507854271148465,0,0,1,0.0
3334,2026-03-18,딸기,딸기 죽향,66633.0,6.8,4.8,3,108000.0,76728.85714285714,85294.93333333333,67929.0,-0.01907874398268783,0,0,1,4.800000000000002
3335,2026-03-19,딸기,딸기 죽향,71879.0,6.1,0.0,3,108000.0,74783.0,83118.8,66633.0,0.07872975852805664,0,0,1,4.800000000000002
3336,2026-03-20,딸기,딸기 죽향,78447.0,7.5,0.0,3,108000.0,73727.14285714286,82668.16666666667,71879.0,0.09137578430417781,0,0,1,4.800000000000002
3337,2026-03-21,딸기,딸기 죽향,68837.0,8.4,0.0,3,108000.0,71200.28571428571,82072.26666666666,78447.0,-0.12250309125906667,0,0,1,4.800000000000002
3338,2026-03-23,딸기,딸기 죽향,73561.0,11.9,0.0,3,108000.0,71381.0,81359.0,68837.0,0.06862588433545902,0,0,1,4.800000000000002
3339,2026-03-24,딸기,딸기 죽향,62213.0,12.9,0.0,3,155000.0,69928.42857142857,81255.96666666666,73561.0,-0.1542665270999578,0,0,1,4.800000000000002
3340,2026-03-25,딸기,딸기 죽향,62117.0,12.8,0.0,3,155000.0,69098.14285714286,79146.26666666666,62213.0,-0.001543085850224224,0,0,1,4.800000000000002
3341,2026-03-26,딸기,딸기 죽향,65509.0,12.1,0.0,3,168000.0,68937.57142857143,76615.5,62117.0,0.05460662942511707,0,0,1,0.0
3342,2026-03-27,딸기,딸기 죽향,65169.0,11.4,0.0,3,168000.0,67979.0,76335.66666666667,65509.0,-0.005190126547497287,0,0,1,0.0
3343,2026-03-28,딸기,딸기 죽향,69300.0,12.2,0.0,3,130000.0,66672.28571428571,75826.13333333333,65169.0,0.06338903466372048,0,0,1,0.0
3344,2026-03-30,딸기,딸기 죽향,57733.0,16.0,1.8,3,130000.0,65086.0,75144.06666666667,69300.0,-0.1669119769119769,0,0,1,1.8000000000000018
3345,2026-03-31,딸기,딸기 죽향,57719.0,14.2,8.2,3,150833.0,62822.857142857145,74329.03333333334,57733.0,-0.00024249562641820432,0,0,1,10.000000000000002
3346,2026-04-01,딸기,딸기 죽향,61836.0,13.3,0.0,4,149500.0,62769.0,73691.06666666667,57719.0,0.07132833209168554,0,0,1,10.000000000000002
3347,2026-04-02,딸기,딸기 죽향,63392.0,11.6,0.0,4,129818.0,62951.142857142855,72907.8,61836.0,0.025163335273950427,0,0,1,10.000000000000002
3348,2026-04-03,딸기,딸기 죽향,63855.0,14.7,0.0,4,80000.0,62714.857142857145,71978.73333333334,63392.0,0.007303760726905528,0,0,1,10.000000000000002
3349,2026-04-06,딸기,딸기 죽향,53305.0,10.2,1.2,4,99600.0,61020.0,70759.53333333334,63855.0,-0.16521807219481643,0,0,1,11.200000000000001
3350,2026-04-07,딸기,딸기 죽향,46609.0,8.2,0.0,4,60000.0,57778.42857142857,69799.83333333333,53305.0,-0.12561673388987904,0,0,1,11.200000000000001
3351,2026-04-08,딸기,딸기 죽향,44183.0,10.3,0.0,4,110893.0,55842.71428571428,68887.3,46609.0,-0.052050033255379824,0,0,1,9.4
3352,2026-04-09,딸기,딸기 죽향,54803.0,10.6,18.9,4,65538.0,55426.142857142855,68319.9,44183.0,0.24036394088223978,0,0,1,20.1
3353,2026-04-10,딸기,딸기 죽향,53312.0,10.3,5.1,4,86083.0,54208.42857142857,67666.23333333334,54803.0,-0.02720653978796783,0,0,1,25.200000000000003
3354,2026-04-11,딸기,딸기 죽향,59561.0,10.9,0.0,4,80000.0,53661.142857142855,67156.63333333333,53312.0,0.11721563625450182,0,0,1,25.200000000000003
3355,2026-04-13,딸기,딸기 죽향,48838.0,18.7,0.0,4,141417.0,51515.857142857145,65820.76666666666,59561.0,-0.18003391481002673,0,0,1,25.200000000000003
3356,2026-04-14,딸기,딸기 죽향,50139.0,20.7,0.0,4,90150.0,51063.57142857143,64935.1,48838.0,0.026639092509930684,0,0,1,24.0
3357,2026-04-15,딸기,딸기 죽향,50431.0,19.7,0.0,4,116763.0,51609.57142857143,63995.0,50139.0,0.005823809808731761,0,0,1,24.0
3358,2026-04-16,딸기,딸기 죽향,49848.0,19.8,0.0,4,85524.0,52418.857142857145,62806.6,50431.0,-0.01156034978485454,0,0,1,24.0
3359,2026-04-17,딸기,딸기 죽향,50092.0,17.4,0.0,4,129458.0,51745.857142857145,61615.066666666666,49848.0,0.004894880436526972,0,0,1,5.100000000000003
3360,2026-04-18,딸기,딸기 죽향,58597.0,19.2,0.0,4,72000.0,52500.857142857145,60684.13333333333,50092.0,0.16978759083286743,0,0,1,0.0
3361,2026-04-20,딸기,딸기 죽향,44101.0,13.4,0.8,4,117646.0,50292.28571428572,59744.3,58597.0,-0.2473846783965049,0,0,1,0.8000000000000036
3362,2026-04-21,딸기,딸기 죽향,44862.0,12.2,0.0,4,82520.0,49724.28571428572,58827.0,44101.0,0.01725584453867257,0,0,1,0.8000000000000036
3363,2026-04-22,딸기,딸기 죽향,52322.0,14.2,0.0,4,115581.0,50036.142857142855,58306.76666666667,44862.0,0.1662877268066516,0,0,1,0.8000000000000036
3364,2026-04-23,딸기,딸기 죽향,51742.0,17.0,0.0,4,107105.0,50223.42857142857,57810.4,52322.0,-0.0110852031650166,0,0,1,0.8000000000000036
3365,2026-04-24,딸기,딸기 죽향,51414.0,18.0,0.0,4,108690.0,50447.142857142855,57128.23333333333,51742.0,-0.006339144215530945,0,0,1,0.8000000000000036
3366,2026-04-25,딸기,딸기 죽향,58738.0,18.2,0.0,4,83000.0,51682.28571428572,56471.26666666667,51414.0,0.14245147236161348,0,0,1,0.8000000000000036
3367,2026-04-27,딸기,딸기 죽향,48903.0,16.2,1.5,4,109000.0,50297.42857142857,55806.8,58738.0,-0.1674384555143178,0,0,1,2.3000000000000034
3368,2026-04-28,딸기,딸기 죽향,44445.0,13.3,0.2,4,85750.0,50346.57142857143,54836.26666666667,48903.0,-0.09116005153058093,0,0,1,1.7000000000000035
3369,2026-04-29,딸기,딸기 죽향,50426.0,14.9,0.0,4,109169.0,51141.42857142857,54443.36666666667,44445.0,0.13457081786477665,0,0,1,1.7000000000000035
3370,2026-04-30,딸기,딸기 죽향,51278.0,17.4,0.0,4,78560.0,50992.28571428572,54082.066666666666,50426.0,0.01689604569071501,0,0,1,1.7000000000000035
3371,2026-05-01,딸기,딸기 죽향,54985.0,17.8,0.0,5,120892.0,51455.57142857143,53731.26666666667,51278.0,0.07229221108467576,0,0,0,1.7000000000000035
3372,2026-05-02,딸기,딸기 죽향,73713.0,17.3,1.4,5,83417.0,54641.142857142855,54016.066666666666,54985.0,0.3406019823588251,0,0,0,3.100000000000003
3373,2026-05-04,딸기,딸기 죽향,53099.0,13.7,1.8,5,128493.0,53835.57142857143,53476.03333333333,73713.0,-0.27965216447573693,0,0,0,4.900000000000004
3374,2026-05-05,딸기,딸기 죽향,53045.0,14.5,0.0,5,123500.0,54427.28571428572,53319.76666666667,53099.0,-0.0010169683044878308,0,0,0,3.4000000000000035
3375,2026-05-06,딸기,딸기 죽향,61471.0,16.9,0.0,5,125070.0,56859.57142857143,53444.833333333336,53045.0,0.15884626260722023,0,0,0,3.2000000000000033
3376,2026-05-07,딸기,딸기 죽향,65294.0,15.4,2.7,5,72500.0,58983.57142857143,53560.1,61471.0,0.06219192790096151,0,0,0,5.900000000000004
3377,2026-05-08,딸기,딸기 죽향,65664.0,15.2,0.0,5,138400.0,61038.71428571428,53635.833333333336,65294.0,0.005666676876895371,0,0,0,5.900000000000004
3378,2026-05-09,딸기,딸기 죽향,68018.0,15.9,0.0,5,179692.0,62900.57142857143,53774.6,65664.0,0.03584917153996092,0,0,0,5.900000000000004
3379,2026-05-11,딸기,딸기 죽향,53535.0,16.8,0.9,5,105551.0,60018.0,53782.26666666667,68018.0,-0.2129289305772002,0,0,0,5.400000000000004
3380,2026-05-12,딸기,딸기 죽향,52966.0,19.1,18.1,5,89908.0,59999.0,53994.166666666664,53535.0,-0.010628560754646466,0,0,0,21.700000000000006
3381,2026-05-13,딸기,딸기 죽향,55354.0,19.7,0.0,5,85288.0,60328.857142857145,54366.53333333333,52966.0,0.04508552656421094,0,0,0,21.700000000000006
3382,2026-05-14,딸기,딸기 죽향,60177.0,23.5,0.0,5,92585.0,60144.0,54545.666666666664,55354.0,0.08713010803193977,0,0,0,21.700000000000006
3383,2026-05-15,딸기,딸기 죽향,52892.0,24.2,0.0,5,90025.0,58372.28571428572,54531.666666666664,60177.0,-0.12105954102065575,0,0,0,19.000000000000007
3384,2026-05-16,딸기,딸기 죽향,54585.0,23.1,0.0,5,81435.0,56789.57142857143,54365.8,52892.0,0.03200862134160176,0,0,0,19.000000000000007
3385,2026-05-18,딸기,딸기 죽향,42161.0,23.0,0.0,5,90475.0,53095.71428571428,54143.23333333333,54585.0,-0.22760831730328845,0,0,0,19.000000000000007
3386,2026-05-19,딸기,딸기 죽향,45716.0,22.1,0.0,5,83582.0,51978.71428571428,53995.8,42161.0,0.08431963188728919,0,0,0,18.100000000000005
3387,2026-05-20,딸기,딸기 죽향,40872.0,16.9,63.1,5,80741.0,50251.0,53677.166666666664,45716.0,-0.10595852655525417,0,0,0,63.10000000000001
3388,2026-05-21,딸기,딸기 죽향,54704.0,17.0,14.0,5,51167.0,50158.142857142855,53839.03333333333,40872.0,0.33842239185750644,0,0,0,77.1
3389,2026-05-22,딸기,딸기 죽향,49119.0,20.6,0.0,5,96246.0,48578.42857142857,53806.6,54704.0,-0.10209491079262945,0,0,0,77.1
3390,2026-05-23,딸기,딸기 죽향,46920.0,19.2,0.0,5,128905.0,47725.28571428572,53417.36666666667,49119.0,-0.0447688267269285,0,0,0,77.1
3391,2026-05-25,딸기,딸기 죽향,35400.0,24.4,0.0,5,120284.0,44984.57142857143,53127.333333333336,46920.0,-0.24552429667519182,0,0,0,77.1
3392,2026-05-26,딸기,딸기 죽향,35400.0,24.9,0.6,5,106800.0,44018.71428571428,52811.933333333334,35400.0,0.0,0,0,0,77.7
3393,2026-05-27,딸기,딸기 죽향,23000.0,22.3,2.5,5,93724.0,40773.57142857143,51834.53333333333,35400.0,-0.3502824858757062,0,0,0,80.2
3394,2026-05-28,딸기,딸기 죽향,23000.0,20.9,3.5,5,103080.0,38220.42857142857,50876.46666666667,23000.0,0.0,0,0,0,20.6
11772,2026-05-29,딸기,딸기 죽향,23000.0,21.5,0.0,5,99372.0,33691.28571428572,49929.333333333336,23000.0,0.0,0,0,0,6.6
